PRAGMA foreign_keys=OFF;
BEGIN TRANSACTION;
CREATE TABLE cohorts (
    cohort_id INTEGER PRIMARY KEY,
    name TEXT NOT NULL,
    start_date TEXT,
    planned_size INTEGER,
    created_at DATETIME DEFAULT CURRENT_TIMESTAMP
  );
INSERT INTO cohorts VALUES(1,'Kull 1','2024-06-05',30,'2025-12-14 16:11:42');
INSERT INTO cohorts VALUES(2,'Kull 2','2024-09-06',28,'2025-12-14 16:11:42');
INSERT INTO cohorts VALUES(3,'Kull 3','2024-10-03',32,'2025-12-14 16:11:42');
INSERT INTO cohorts VALUES(4,'Kull 4','2024-10-30',25,'2025-12-14 16:11:42');
INSERT INTO cohorts VALUES(5,'Kull 5','2025-01-08',29,'2025-12-14 16:11:42');
INSERT INTO cohorts VALUES(6,'Kull 6','2025-02-05',31,'2025-12-14 16:11:42');
INSERT INTO cohorts VALUES(7,'Kull 7','2025-04-02',27,'2025-12-14 16:11:42');
INSERT INTO cohorts VALUES(8,'Kull 8','2025-04-28',26,'2025-12-14 16:11:42');
INSERT INTO cohorts VALUES(9,'Kull 9','2025-08-13',30,'2025-12-14 16:11:42');
INSERT INTO cohorts VALUES(10,'Kull 10','2025-10-08',28,'2025-12-14 16:11:42');
CREATE TABLE teachers (
    teacher_id INTEGER PRIMARY KEY,
    name TEXT NOT NULL,
    home_department TEXT,
    created_at DATETIME DEFAULT CURRENT_TIMESTAMP
  );
INSERT INTO teachers VALUES(1,'Ninni','AIJ','2025-12-14T15:47:10.856Z');
CREATE TABLE slots (
    slot_id INTEGER PRIMARY KEY,
    start_date TEXT,
    end_date TEXT,
    created_at DATETIME DEFAULT CURRENT_TIMESTAMP
  );
INSERT INTO slots VALUES(1,'2024-06-10','2024-07-07','2025-12-14 16:11:42');
INSERT INTO slots VALUES(2,'2024-09-09','2024-10-06','2025-12-14 16:11:42');
INSERT INTO slots VALUES(3,'2024-10-07','2024-11-03','2025-12-14 16:11:42');
INSERT INTO slots VALUES(4,'2025-01-13','2025-02-09','2025-12-14 16:11:42');
INSERT INTO slots VALUES(5,'2025-02-10','2025-03-09','2025-12-14 16:11:42');
INSERT INTO slots VALUES(6,'2025-03-10','2025-04-05','2025-12-14 16:11:42');
INSERT INTO slots VALUES(7,'2025-04-07','2025-05-04','2025-12-14 16:11:42');
INSERT INTO slots VALUES(8,'2025-05-05','2025-06-01','2025-12-14 16:11:42');
INSERT INTO slots VALUES(9,'2025-06-02','2025-06-29','2025-12-14 16:11:42');
INSERT INTO slots VALUES(10,'2025-08-18','2025-09-14','2025-12-14 16:11:42');
INSERT INTO slots VALUES(11,'2025-10-13','2025-11-09','2025-12-14 16:11:42');
INSERT INTO slots VALUES(12,'2025-11-10','2025-12-07','2025-12-14 16:11:42');
INSERT INTO slots VALUES(13,'2026-02-16','2026-03-15','2025-12-14 16:11:42');
INSERT INTO slots VALUES(14,'2026-03-16','2026-04-11','2025-12-14 16:11:42');
INSERT INTO slots VALUES(15,'2026-04-13','2026-05-10','2025-12-14 16:11:42');
INSERT INTO slots VALUES(16,'2026-05-11','2026-06-07','2025-12-14 16:11:42');
INSERT INTO slots VALUES(17,'2026-06-08','2026-07-05','2025-12-14 16:11:42');
INSERT INTO slots VALUES(18,'2026-08-17','2026-09-13','2025-12-14 16:11:42');
INSERT INTO slots VALUES(19,'2026-09-14','2026-10-11','2025-12-14 16:11:42');
INSERT INTO slots VALUES(20,'2026-10-12','2026-11-08','2025-12-14 16:11:42');
INSERT INTO slots VALUES(21,'2026-11-09','2026-12-06','2025-12-14 16:11:42');
INSERT INTO slots VALUES(22,'2026-12-07','2027-01-03','2025-12-14 16:11:42');
INSERT INTO slots VALUES(23,'2027-01-25','2027-02-21','2025-12-14 16:11:42');
INSERT INTO slots VALUES(24,'2027-02-22','2027-03-21','2025-12-14 16:11:42');
INSERT INTO slots VALUES(25,'2027-03-22','2027-04-17','2025-12-14 16:11:42');
INSERT INTO slots VALUES(26,'2027-04-19','2027-05-16','2025-12-14 16:11:42');
INSERT INTO slots VALUES(27,'2027-05-17','2027-06-13','2025-12-14 16:11:42');
INSERT INTO slots VALUES(28,'2027-06-14','2027-07-11','2025-12-14 16:11:42');
INSERT INTO slots VALUES(29,'2027-08-09','2027-09-05','2025-12-14 16:11:42');
INSERT INTO slots VALUES(30,'2027-09-06','2027-10-03','2025-12-14 16:11:42');
INSERT INTO slots VALUES(31,'2025-09-15','2025-10-12','2025-12-14 16:11:42');
CREATE TABLE course_prerequisites (
    course_id INTEGER NOT NULL,
    prerequisite_course_id INTEGER NOT NULL,
    PRIMARY KEY (course_id, prerequisite_course_id)
  );
INSERT INTO course_prerequisites VALUES(2,1);
CREATE TABLE slot_days (
    slot_day_id INTEGER PRIMARY KEY AUTOINCREMENT,
    slot_id INTEGER NOT NULL,
    date TEXT NOT NULL
  );
INSERT INTO slot_days VALUES(121953,1,'2024-06-10');
INSERT INTO slot_days VALUES(121954,1,'2024-06-11');
INSERT INTO slot_days VALUES(121955,1,'2024-06-12');
INSERT INTO slot_days VALUES(121956,1,'2024-06-13');
INSERT INTO slot_days VALUES(121957,1,'2024-06-14');
INSERT INTO slot_days VALUES(121958,1,'2024-06-15');
INSERT INTO slot_days VALUES(121959,1,'2024-06-16');
INSERT INTO slot_days VALUES(121960,1,'2024-06-17');
INSERT INTO slot_days VALUES(121961,1,'2024-06-18');
INSERT INTO slot_days VALUES(121962,1,'2024-06-19');
INSERT INTO slot_days VALUES(121963,1,'2024-06-20');
INSERT INTO slot_days VALUES(121964,1,'2024-06-21');
INSERT INTO slot_days VALUES(121965,1,'2024-06-22');
INSERT INTO slot_days VALUES(121966,1,'2024-06-23');
INSERT INTO slot_days VALUES(121967,1,'2024-06-24');
INSERT INTO slot_days VALUES(121968,1,'2024-06-25');
INSERT INTO slot_days VALUES(121969,1,'2024-06-26');
INSERT INTO slot_days VALUES(121970,1,'2024-06-27');
INSERT INTO slot_days VALUES(121971,1,'2024-06-28');
INSERT INTO slot_days VALUES(121972,1,'2024-06-29');
INSERT INTO slot_days VALUES(121973,1,'2024-06-30');
INSERT INTO slot_days VALUES(121974,1,'2024-07-01');
INSERT INTO slot_days VALUES(121975,1,'2024-07-02');
INSERT INTO slot_days VALUES(121976,1,'2024-07-03');
INSERT INTO slot_days VALUES(121977,1,'2024-07-04');
INSERT INTO slot_days VALUES(121978,1,'2024-07-05');
INSERT INTO slot_days VALUES(121979,1,'2024-07-06');
INSERT INTO slot_days VALUES(121980,1,'2024-07-07');
INSERT INTO slot_days VALUES(121981,2,'2024-09-09');
INSERT INTO slot_days VALUES(121982,2,'2024-09-10');
INSERT INTO slot_days VALUES(121983,2,'2024-09-11');
INSERT INTO slot_days VALUES(121984,2,'2024-09-12');
INSERT INTO slot_days VALUES(121985,2,'2024-09-13');
INSERT INTO slot_days VALUES(121986,2,'2024-09-14');
INSERT INTO slot_days VALUES(121987,2,'2024-09-15');
INSERT INTO slot_days VALUES(121988,2,'2024-09-16');
INSERT INTO slot_days VALUES(121989,2,'2024-09-17');
INSERT INTO slot_days VALUES(121990,2,'2024-09-18');
INSERT INTO slot_days VALUES(121991,2,'2024-09-19');
INSERT INTO slot_days VALUES(121992,2,'2024-09-20');
INSERT INTO slot_days VALUES(121993,2,'2024-09-21');
INSERT INTO slot_days VALUES(121994,2,'2024-09-22');
INSERT INTO slot_days VALUES(121995,2,'2024-09-23');
INSERT INTO slot_days VALUES(121996,2,'2024-09-24');
INSERT INTO slot_days VALUES(121997,2,'2024-09-25');
INSERT INTO slot_days VALUES(121998,2,'2024-09-26');
INSERT INTO slot_days VALUES(121999,2,'2024-09-27');
INSERT INTO slot_days VALUES(122000,2,'2024-09-28');
INSERT INTO slot_days VALUES(122001,2,'2024-09-29');
INSERT INTO slot_days VALUES(122002,2,'2024-09-30');
INSERT INTO slot_days VALUES(122003,2,'2024-10-01');
INSERT INTO slot_days VALUES(122004,2,'2024-10-02');
INSERT INTO slot_days VALUES(122005,2,'2024-10-03');
INSERT INTO slot_days VALUES(122006,2,'2024-10-04');
INSERT INTO slot_days VALUES(122007,2,'2024-10-05');
INSERT INTO slot_days VALUES(122008,2,'2024-10-06');
INSERT INTO slot_days VALUES(122009,3,'2024-10-07');
INSERT INTO slot_days VALUES(122010,3,'2024-10-08');
INSERT INTO slot_days VALUES(122011,3,'2024-10-09');
INSERT INTO slot_days VALUES(122012,3,'2024-10-10');
INSERT INTO slot_days VALUES(122013,3,'2024-10-11');
INSERT INTO slot_days VALUES(122014,3,'2024-10-12');
INSERT INTO slot_days VALUES(122015,3,'2024-10-13');
INSERT INTO slot_days VALUES(122016,3,'2024-10-14');
INSERT INTO slot_days VALUES(122017,3,'2024-10-15');
INSERT INTO slot_days VALUES(122018,3,'2024-10-16');
INSERT INTO slot_days VALUES(122019,3,'2024-10-17');
INSERT INTO slot_days VALUES(122020,3,'2024-10-18');
INSERT INTO slot_days VALUES(122021,3,'2024-10-19');
INSERT INTO slot_days VALUES(122022,3,'2024-10-20');
INSERT INTO slot_days VALUES(122023,3,'2024-10-21');
INSERT INTO slot_days VALUES(122024,3,'2024-10-22');
INSERT INTO slot_days VALUES(122025,3,'2024-10-23');
INSERT INTO slot_days VALUES(122026,3,'2024-10-24');
INSERT INTO slot_days VALUES(122027,3,'2024-10-25');
INSERT INTO slot_days VALUES(122028,3,'2024-10-26');
INSERT INTO slot_days VALUES(122029,3,'2024-10-27');
INSERT INTO slot_days VALUES(122030,3,'2024-10-28');
INSERT INTO slot_days VALUES(122031,3,'2024-10-29');
INSERT INTO slot_days VALUES(122032,3,'2024-10-30');
INSERT INTO slot_days VALUES(122033,3,'2024-10-31');
INSERT INTO slot_days VALUES(122034,3,'2024-11-01');
INSERT INTO slot_days VALUES(122035,3,'2024-11-02');
INSERT INTO slot_days VALUES(122036,4,'2025-01-13');
INSERT INTO slot_days VALUES(122037,4,'2025-01-14');
INSERT INTO slot_days VALUES(122038,4,'2025-01-15');
INSERT INTO slot_days VALUES(122039,4,'2025-01-16');
INSERT INTO slot_days VALUES(122040,4,'2025-01-17');
INSERT INTO slot_days VALUES(122041,4,'2025-01-18');
INSERT INTO slot_days VALUES(122042,4,'2025-01-19');
INSERT INTO slot_days VALUES(122043,4,'2025-01-20');
INSERT INTO slot_days VALUES(122044,4,'2025-01-21');
INSERT INTO slot_days VALUES(122045,4,'2025-01-22');
INSERT INTO slot_days VALUES(122046,4,'2025-01-23');
INSERT INTO slot_days VALUES(122047,4,'2025-01-24');
INSERT INTO slot_days VALUES(122048,4,'2025-01-25');
INSERT INTO slot_days VALUES(122049,4,'2025-01-26');
INSERT INTO slot_days VALUES(122050,4,'2025-01-27');
INSERT INTO slot_days VALUES(122051,4,'2025-01-28');
INSERT INTO slot_days VALUES(122052,4,'2025-01-29');
INSERT INTO slot_days VALUES(122053,4,'2025-01-30');
INSERT INTO slot_days VALUES(122054,4,'2025-01-31');
INSERT INTO slot_days VALUES(122055,4,'2025-02-01');
INSERT INTO slot_days VALUES(122056,4,'2025-02-02');
INSERT INTO slot_days VALUES(122057,4,'2025-02-03');
INSERT INTO slot_days VALUES(122058,4,'2025-02-04');
INSERT INTO slot_days VALUES(122059,4,'2025-02-05');
INSERT INTO slot_days VALUES(122060,4,'2025-02-06');
INSERT INTO slot_days VALUES(122061,4,'2025-02-07');
INSERT INTO slot_days VALUES(122062,4,'2025-02-08');
INSERT INTO slot_days VALUES(122063,4,'2025-02-09');
INSERT INTO slot_days VALUES(122064,5,'2025-02-10');
INSERT INTO slot_days VALUES(122065,5,'2025-02-11');
INSERT INTO slot_days VALUES(122066,5,'2025-02-12');
INSERT INTO slot_days VALUES(122067,5,'2025-02-13');
INSERT INTO slot_days VALUES(122068,5,'2025-02-14');
INSERT INTO slot_days VALUES(122069,5,'2025-02-15');
INSERT INTO slot_days VALUES(122070,5,'2025-02-16');
INSERT INTO slot_days VALUES(122071,5,'2025-02-17');
INSERT INTO slot_days VALUES(122072,5,'2025-02-18');
INSERT INTO slot_days VALUES(122073,5,'2025-02-19');
INSERT INTO slot_days VALUES(122074,5,'2025-02-20');
INSERT INTO slot_days VALUES(122075,5,'2025-02-21');
INSERT INTO slot_days VALUES(122076,5,'2025-02-22');
INSERT INTO slot_days VALUES(122077,5,'2025-02-23');
INSERT INTO slot_days VALUES(122078,5,'2025-02-24');
INSERT INTO slot_days VALUES(122079,5,'2025-02-25');
INSERT INTO slot_days VALUES(122080,5,'2025-02-26');
INSERT INTO slot_days VALUES(122081,5,'2025-02-27');
INSERT INTO slot_days VALUES(122082,5,'2025-02-28');
INSERT INTO slot_days VALUES(122083,5,'2025-03-01');
INSERT INTO slot_days VALUES(122084,5,'2025-03-02');
INSERT INTO slot_days VALUES(122085,5,'2025-03-03');
INSERT INTO slot_days VALUES(122086,5,'2025-03-04');
INSERT INTO slot_days VALUES(122087,5,'2025-03-05');
INSERT INTO slot_days VALUES(122088,5,'2025-03-06');
INSERT INTO slot_days VALUES(122089,5,'2025-03-07');
INSERT INTO slot_days VALUES(122090,5,'2025-03-08');
INSERT INTO slot_days VALUES(122091,5,'2025-03-09');
INSERT INTO slot_days VALUES(122092,6,'2025-03-10');
INSERT INTO slot_days VALUES(122093,6,'2025-03-11');
INSERT INTO slot_days VALUES(122094,6,'2025-03-12');
INSERT INTO slot_days VALUES(122095,6,'2025-03-13');
INSERT INTO slot_days VALUES(122096,6,'2025-03-14');
INSERT INTO slot_days VALUES(122097,6,'2025-03-15');
INSERT INTO slot_days VALUES(122098,6,'2025-03-16');
INSERT INTO slot_days VALUES(122099,6,'2025-03-17');
INSERT INTO slot_days VALUES(122100,6,'2025-03-18');
INSERT INTO slot_days VALUES(122101,6,'2025-03-19');
INSERT INTO slot_days VALUES(122102,6,'2025-03-20');
INSERT INTO slot_days VALUES(122103,6,'2025-03-21');
INSERT INTO slot_days VALUES(122104,6,'2025-03-22');
INSERT INTO slot_days VALUES(122105,6,'2025-03-23');
INSERT INTO slot_days VALUES(122106,6,'2025-03-24');
INSERT INTO slot_days VALUES(122107,6,'2025-03-25');
INSERT INTO slot_days VALUES(122108,6,'2025-03-26');
INSERT INTO slot_days VALUES(122109,6,'2025-03-27');
INSERT INTO slot_days VALUES(122110,6,'2025-03-28');
INSERT INTO slot_days VALUES(122111,6,'2025-03-29');
INSERT INTO slot_days VALUES(122112,6,'2025-03-30');
INSERT INTO slot_days VALUES(122114,6,'2025-03-31');
INSERT INTO slot_days VALUES(122115,6,'2025-04-01');
INSERT INTO slot_days VALUES(122116,6,'2025-04-02');
INSERT INTO slot_days VALUES(122117,6,'2025-04-03');
INSERT INTO slot_days VALUES(122118,6,'2025-04-04');
INSERT INTO slot_days VALUES(122119,7,'2025-04-07');
INSERT INTO slot_days VALUES(122120,7,'2025-04-08');
INSERT INTO slot_days VALUES(122121,7,'2025-04-09');
INSERT INTO slot_days VALUES(122122,7,'2025-04-10');
INSERT INTO slot_days VALUES(122123,7,'2025-04-11');
INSERT INTO slot_days VALUES(122124,7,'2025-04-12');
INSERT INTO slot_days VALUES(122125,7,'2025-04-13');
INSERT INTO slot_days VALUES(122126,7,'2025-04-14');
INSERT INTO slot_days VALUES(122127,7,'2025-04-15');
INSERT INTO slot_days VALUES(122128,7,'2025-04-16');
INSERT INTO slot_days VALUES(122129,7,'2025-04-17');
INSERT INTO slot_days VALUES(122130,7,'2025-04-18');
INSERT INTO slot_days VALUES(122131,7,'2025-04-19');
INSERT INTO slot_days VALUES(122132,7,'2025-04-20');
INSERT INTO slot_days VALUES(122133,7,'2025-04-21');
INSERT INTO slot_days VALUES(122134,7,'2025-04-22');
INSERT INTO slot_days VALUES(122135,7,'2025-04-23');
INSERT INTO slot_days VALUES(122136,7,'2025-04-24');
INSERT INTO slot_days VALUES(122137,7,'2025-04-25');
INSERT INTO slot_days VALUES(122138,7,'2025-04-26');
INSERT INTO slot_days VALUES(122139,7,'2025-04-27');
INSERT INTO slot_days VALUES(122140,7,'2025-04-28');
INSERT INTO slot_days VALUES(122141,7,'2025-04-29');
INSERT INTO slot_days VALUES(122142,7,'2025-04-30');
INSERT INTO slot_days VALUES(122143,7,'2025-05-01');
INSERT INTO slot_days VALUES(122144,7,'2025-05-02');
INSERT INTO slot_days VALUES(122145,7,'2025-05-03');
INSERT INTO slot_days VALUES(122146,7,'2025-05-04');
INSERT INTO slot_days VALUES(122147,8,'2025-05-05');
INSERT INTO slot_days VALUES(122148,8,'2025-05-06');
INSERT INTO slot_days VALUES(122149,8,'2025-05-07');
INSERT INTO slot_days VALUES(122150,8,'2025-05-08');
INSERT INTO slot_days VALUES(122151,8,'2025-05-09');
INSERT INTO slot_days VALUES(122152,8,'2025-05-10');
INSERT INTO slot_days VALUES(122153,8,'2025-05-11');
INSERT INTO slot_days VALUES(122154,8,'2025-05-12');
INSERT INTO slot_days VALUES(122155,8,'2025-05-13');
INSERT INTO slot_days VALUES(122156,8,'2025-05-14');
INSERT INTO slot_days VALUES(122157,8,'2025-05-15');
INSERT INTO slot_days VALUES(122158,8,'2025-05-16');
INSERT INTO slot_days VALUES(122159,8,'2025-05-17');
INSERT INTO slot_days VALUES(122160,8,'2025-05-18');
INSERT INTO slot_days VALUES(122161,8,'2025-05-19');
INSERT INTO slot_days VALUES(122162,8,'2025-05-20');
INSERT INTO slot_days VALUES(122163,8,'2025-05-21');
INSERT INTO slot_days VALUES(122164,8,'2025-05-22');
INSERT INTO slot_days VALUES(122165,8,'2025-05-23');
INSERT INTO slot_days VALUES(122166,8,'2025-05-24');
INSERT INTO slot_days VALUES(122167,8,'2025-05-25');
INSERT INTO slot_days VALUES(122168,8,'2025-05-26');
INSERT INTO slot_days VALUES(122169,8,'2025-05-27');
INSERT INTO slot_days VALUES(122170,8,'2025-05-28');
INSERT INTO slot_days VALUES(122171,8,'2025-05-29');
INSERT INTO slot_days VALUES(122172,8,'2025-05-30');
INSERT INTO slot_days VALUES(122173,8,'2025-05-31');
INSERT INTO slot_days VALUES(122174,8,'2025-06-01');
INSERT INTO slot_days VALUES(122175,9,'2025-06-02');
INSERT INTO slot_days VALUES(122176,9,'2025-06-03');
INSERT INTO slot_days VALUES(122177,9,'2025-06-04');
INSERT INTO slot_days VALUES(122178,9,'2025-06-05');
INSERT INTO slot_days VALUES(122179,9,'2025-06-06');
INSERT INTO slot_days VALUES(122180,9,'2025-06-07');
INSERT INTO slot_days VALUES(122181,9,'2025-06-08');
INSERT INTO slot_days VALUES(122182,9,'2025-06-09');
INSERT INTO slot_days VALUES(122183,9,'2025-06-10');
INSERT INTO slot_days VALUES(122184,9,'2025-06-11');
INSERT INTO slot_days VALUES(122185,9,'2025-06-12');
INSERT INTO slot_days VALUES(122186,9,'2025-06-13');
INSERT INTO slot_days VALUES(122187,9,'2025-06-14');
INSERT INTO slot_days VALUES(122188,9,'2025-06-15');
INSERT INTO slot_days VALUES(122189,9,'2025-06-16');
INSERT INTO slot_days VALUES(122190,9,'2025-06-17');
INSERT INTO slot_days VALUES(122191,9,'2025-06-18');
INSERT INTO slot_days VALUES(122192,9,'2025-06-19');
INSERT INTO slot_days VALUES(122193,9,'2025-06-20');
INSERT INTO slot_days VALUES(122194,9,'2025-06-21');
INSERT INTO slot_days VALUES(122195,9,'2025-06-22');
INSERT INTO slot_days VALUES(122196,9,'2025-06-23');
INSERT INTO slot_days VALUES(122197,9,'2025-06-24');
INSERT INTO slot_days VALUES(122198,9,'2025-06-25');
INSERT INTO slot_days VALUES(122199,9,'2025-06-26');
INSERT INTO slot_days VALUES(122200,9,'2025-06-27');
INSERT INTO slot_days VALUES(122201,9,'2025-06-28');
INSERT INTO slot_days VALUES(122202,9,'2025-06-29');
INSERT INTO slot_days VALUES(122203,10,'2025-08-18');
INSERT INTO slot_days VALUES(122204,10,'2025-08-19');
INSERT INTO slot_days VALUES(122205,10,'2025-08-20');
INSERT INTO slot_days VALUES(122206,10,'2025-08-21');
INSERT INTO slot_days VALUES(122207,10,'2025-08-22');
INSERT INTO slot_days VALUES(122208,10,'2025-08-23');
INSERT INTO slot_days VALUES(122209,10,'2025-08-24');
INSERT INTO slot_days VALUES(122210,10,'2025-08-25');
INSERT INTO slot_days VALUES(122211,10,'2025-08-26');
INSERT INTO slot_days VALUES(122212,10,'2025-08-27');
INSERT INTO slot_days VALUES(122213,10,'2025-08-28');
INSERT INTO slot_days VALUES(122214,10,'2025-08-29');
INSERT INTO slot_days VALUES(122215,10,'2025-08-30');
INSERT INTO slot_days VALUES(122216,10,'2025-08-31');
INSERT INTO slot_days VALUES(122217,10,'2025-09-01');
INSERT INTO slot_days VALUES(122218,10,'2025-09-02');
INSERT INTO slot_days VALUES(122219,10,'2025-09-03');
INSERT INTO slot_days VALUES(122220,10,'2025-09-04');
INSERT INTO slot_days VALUES(122221,10,'2025-09-05');
INSERT INTO slot_days VALUES(122222,10,'2025-09-06');
INSERT INTO slot_days VALUES(122223,10,'2025-09-07');
INSERT INTO slot_days VALUES(122224,10,'2025-09-08');
INSERT INTO slot_days VALUES(122225,10,'2025-09-09');
INSERT INTO slot_days VALUES(122226,10,'2025-09-10');
INSERT INTO slot_days VALUES(122227,10,'2025-09-11');
INSERT INTO slot_days VALUES(122228,10,'2025-09-12');
INSERT INTO slot_days VALUES(122229,10,'2025-09-13');
INSERT INTO slot_days VALUES(122230,10,'2025-09-14');
INSERT INTO slot_days VALUES(122231,31,'2025-09-15');
INSERT INTO slot_days VALUES(122232,31,'2025-09-16');
INSERT INTO slot_days VALUES(122233,31,'2025-09-17');
INSERT INTO slot_days VALUES(122234,31,'2025-09-18');
INSERT INTO slot_days VALUES(122235,31,'2025-09-19');
INSERT INTO slot_days VALUES(122236,31,'2025-09-20');
INSERT INTO slot_days VALUES(122237,31,'2025-09-21');
INSERT INTO slot_days VALUES(122238,31,'2025-09-22');
INSERT INTO slot_days VALUES(122239,31,'2025-09-23');
INSERT INTO slot_days VALUES(122240,31,'2025-09-24');
INSERT INTO slot_days VALUES(122241,31,'2025-09-25');
INSERT INTO slot_days VALUES(122242,31,'2025-09-26');
INSERT INTO slot_days VALUES(122243,31,'2025-09-27');
INSERT INTO slot_days VALUES(122244,31,'2025-09-28');
INSERT INTO slot_days VALUES(122245,31,'2025-09-29');
INSERT INTO slot_days VALUES(122246,31,'2025-09-30');
INSERT INTO slot_days VALUES(122247,31,'2025-10-01');
INSERT INTO slot_days VALUES(122248,31,'2025-10-02');
INSERT INTO slot_days VALUES(122249,31,'2025-10-03');
INSERT INTO slot_days VALUES(122250,31,'2025-10-04');
INSERT INTO slot_days VALUES(122251,31,'2025-10-05');
INSERT INTO slot_days VALUES(122252,31,'2025-10-06');
INSERT INTO slot_days VALUES(122253,31,'2025-10-07');
INSERT INTO slot_days VALUES(122254,31,'2025-10-08');
INSERT INTO slot_days VALUES(122255,31,'2025-10-09');
INSERT INTO slot_days VALUES(122256,31,'2025-10-10');
INSERT INTO slot_days VALUES(122257,31,'2025-10-11');
INSERT INTO slot_days VALUES(122258,31,'2025-10-12');
INSERT INTO slot_days VALUES(122259,11,'2025-10-13');
INSERT INTO slot_days VALUES(122260,11,'2025-10-14');
INSERT INTO slot_days VALUES(122261,11,'2025-10-15');
INSERT INTO slot_days VALUES(122262,11,'2025-10-16');
INSERT INTO slot_days VALUES(122263,11,'2025-10-17');
INSERT INTO slot_days VALUES(122264,11,'2025-10-18');
INSERT INTO slot_days VALUES(122265,11,'2025-10-19');
INSERT INTO slot_days VALUES(122266,11,'2025-10-20');
INSERT INTO slot_days VALUES(122267,11,'2025-10-21');
INSERT INTO slot_days VALUES(122268,11,'2025-10-22');
INSERT INTO slot_days VALUES(122269,11,'2025-10-23');
INSERT INTO slot_days VALUES(122270,11,'2025-10-24');
INSERT INTO slot_days VALUES(122271,11,'2025-10-25');
INSERT INTO slot_days VALUES(122272,11,'2025-10-26');
INSERT INTO slot_days VALUES(122273,11,'2025-10-27');
INSERT INTO slot_days VALUES(122274,11,'2025-10-28');
INSERT INTO slot_days VALUES(122275,11,'2025-10-29');
INSERT INTO slot_days VALUES(122276,11,'2025-10-30');
INSERT INTO slot_days VALUES(122277,11,'2025-10-31');
INSERT INTO slot_days VALUES(122278,11,'2025-11-01');
INSERT INTO slot_days VALUES(122279,11,'2025-11-02');
INSERT INTO slot_days VALUES(122280,11,'2025-11-03');
INSERT INTO slot_days VALUES(122281,11,'2025-11-04');
INSERT INTO slot_days VALUES(122282,11,'2025-11-05');
INSERT INTO slot_days VALUES(122283,11,'2025-11-06');
INSERT INTO slot_days VALUES(122284,11,'2025-11-07');
INSERT INTO slot_days VALUES(122285,11,'2025-11-08');
INSERT INTO slot_days VALUES(122286,12,'2025-11-10');
INSERT INTO slot_days VALUES(122287,12,'2025-11-11');
INSERT INTO slot_days VALUES(122288,12,'2025-11-12');
INSERT INTO slot_days VALUES(122289,12,'2025-11-13');
INSERT INTO slot_days VALUES(122290,12,'2025-11-14');
INSERT INTO slot_days VALUES(122291,12,'2025-11-15');
INSERT INTO slot_days VALUES(122292,12,'2025-11-16');
INSERT INTO slot_days VALUES(122293,12,'2025-11-17');
INSERT INTO slot_days VALUES(122294,12,'2025-11-18');
INSERT INTO slot_days VALUES(122295,12,'2025-11-19');
INSERT INTO slot_days VALUES(122296,12,'2025-11-20');
INSERT INTO slot_days VALUES(122297,12,'2025-11-21');
INSERT INTO slot_days VALUES(122298,12,'2025-11-22');
INSERT INTO slot_days VALUES(122299,12,'2025-11-23');
INSERT INTO slot_days VALUES(122300,12,'2025-11-24');
INSERT INTO slot_days VALUES(122301,12,'2025-11-25');
INSERT INTO slot_days VALUES(122302,12,'2025-11-26');
INSERT INTO slot_days VALUES(122303,12,'2025-11-27');
INSERT INTO slot_days VALUES(122304,12,'2025-11-28');
INSERT INTO slot_days VALUES(122305,12,'2025-11-29');
INSERT INTO slot_days VALUES(122306,12,'2025-11-30');
INSERT INTO slot_days VALUES(122307,12,'2025-12-01');
INSERT INTO slot_days VALUES(122308,12,'2025-12-02');
INSERT INTO slot_days VALUES(122309,12,'2025-12-03');
INSERT INTO slot_days VALUES(122310,12,'2025-12-04');
INSERT INTO slot_days VALUES(122311,12,'2025-12-05');
INSERT INTO slot_days VALUES(122312,12,'2025-12-06');
INSERT INTO slot_days VALUES(122313,12,'2025-12-07');
INSERT INTO slot_days VALUES(122314,13,'2026-02-16');
INSERT INTO slot_days VALUES(122315,13,'2026-02-17');
INSERT INTO slot_days VALUES(122316,13,'2026-02-18');
INSERT INTO slot_days VALUES(122317,13,'2026-02-19');
INSERT INTO slot_days VALUES(122318,13,'2026-02-20');
INSERT INTO slot_days VALUES(122319,13,'2026-02-21');
INSERT INTO slot_days VALUES(122320,13,'2026-02-22');
INSERT INTO slot_days VALUES(122321,13,'2026-02-23');
INSERT INTO slot_days VALUES(122322,13,'2026-02-24');
INSERT INTO slot_days VALUES(122323,13,'2026-02-25');
INSERT INTO slot_days VALUES(122324,13,'2026-02-26');
INSERT INTO slot_days VALUES(122325,13,'2026-02-27');
INSERT INTO slot_days VALUES(122326,13,'2026-02-28');
INSERT INTO slot_days VALUES(122327,13,'2026-03-01');
INSERT INTO slot_days VALUES(122328,13,'2026-03-02');
INSERT INTO slot_days VALUES(122329,13,'2026-03-03');
INSERT INTO slot_days VALUES(122330,13,'2026-03-04');
INSERT INTO slot_days VALUES(122331,13,'2026-03-05');
INSERT INTO slot_days VALUES(122332,13,'2026-03-06');
INSERT INTO slot_days VALUES(122333,13,'2026-03-07');
INSERT INTO slot_days VALUES(122334,13,'2026-03-08');
INSERT INTO slot_days VALUES(122335,13,'2026-03-09');
INSERT INTO slot_days VALUES(122336,13,'2026-03-10');
INSERT INTO slot_days VALUES(122337,13,'2026-03-11');
INSERT INTO slot_days VALUES(122338,13,'2026-03-12');
INSERT INTO slot_days VALUES(122339,13,'2026-03-13');
INSERT INTO slot_days VALUES(122340,13,'2026-03-14');
INSERT INTO slot_days VALUES(122341,13,'2026-03-15');
INSERT INTO slot_days VALUES(122342,14,'2026-03-16');
INSERT INTO slot_days VALUES(122343,14,'2026-03-17');
INSERT INTO slot_days VALUES(122344,14,'2026-03-18');
INSERT INTO slot_days VALUES(122345,14,'2026-03-19');
INSERT INTO slot_days VALUES(122346,14,'2026-03-20');
INSERT INTO slot_days VALUES(122347,14,'2026-03-21');
INSERT INTO slot_days VALUES(122348,14,'2026-03-22');
INSERT INTO slot_days VALUES(122349,14,'2026-03-23');
INSERT INTO slot_days VALUES(122350,14,'2026-03-24');
INSERT INTO slot_days VALUES(122351,14,'2026-03-25');
INSERT INTO slot_days VALUES(122352,14,'2026-03-26');
INSERT INTO slot_days VALUES(122353,14,'2026-03-27');
INSERT INTO slot_days VALUES(122354,14,'2026-03-28');
INSERT INTO slot_days VALUES(122355,14,'2026-03-29');
INSERT INTO slot_days VALUES(122357,14,'2026-03-30');
INSERT INTO slot_days VALUES(122358,14,'2026-03-31');
INSERT INTO slot_days VALUES(122359,14,'2026-04-01');
INSERT INTO slot_days VALUES(122360,14,'2026-04-02');
INSERT INTO slot_days VALUES(122361,14,'2026-04-03');
INSERT INTO slot_days VALUES(122362,14,'2026-04-04');
INSERT INTO slot_days VALUES(122363,14,'2026-04-05');
INSERT INTO slot_days VALUES(122364,14,'2026-04-06');
INSERT INTO slot_days VALUES(122365,14,'2026-04-07');
INSERT INTO slot_days VALUES(122366,14,'2026-04-08');
INSERT INTO slot_days VALUES(122367,14,'2026-04-09');
INSERT INTO slot_days VALUES(122368,14,'2026-04-10');
INSERT INTO slot_days VALUES(122369,15,'2026-04-13');
INSERT INTO slot_days VALUES(122370,15,'2026-04-14');
INSERT INTO slot_days VALUES(122371,15,'2026-04-15');
INSERT INTO slot_days VALUES(122372,15,'2026-04-16');
INSERT INTO slot_days VALUES(122373,15,'2026-04-17');
INSERT INTO slot_days VALUES(122374,15,'2026-04-18');
INSERT INTO slot_days VALUES(122375,15,'2026-04-19');
INSERT INTO slot_days VALUES(122376,15,'2026-04-20');
INSERT INTO slot_days VALUES(122377,15,'2026-04-21');
INSERT INTO slot_days VALUES(122378,15,'2026-04-22');
INSERT INTO slot_days VALUES(122379,15,'2026-04-23');
INSERT INTO slot_days VALUES(122380,15,'2026-04-24');
INSERT INTO slot_days VALUES(122381,15,'2026-04-25');
INSERT INTO slot_days VALUES(122382,15,'2026-04-26');
INSERT INTO slot_days VALUES(122383,15,'2026-04-27');
INSERT INTO slot_days VALUES(122384,15,'2026-04-28');
INSERT INTO slot_days VALUES(122385,15,'2026-04-29');
INSERT INTO slot_days VALUES(122386,15,'2026-04-30');
INSERT INTO slot_days VALUES(122387,15,'2026-05-01');
INSERT INTO slot_days VALUES(122388,15,'2026-05-02');
INSERT INTO slot_days VALUES(122389,15,'2026-05-03');
INSERT INTO slot_days VALUES(122390,15,'2026-05-04');
INSERT INTO slot_days VALUES(122391,15,'2026-05-05');
INSERT INTO slot_days VALUES(122392,15,'2026-05-06');
INSERT INTO slot_days VALUES(122393,15,'2026-05-07');
INSERT INTO slot_days VALUES(122394,15,'2026-05-08');
INSERT INTO slot_days VALUES(122395,15,'2026-05-09');
INSERT INTO slot_days VALUES(122396,15,'2026-05-10');
INSERT INTO slot_days VALUES(122397,16,'2026-05-11');
INSERT INTO slot_days VALUES(122398,16,'2026-05-12');
INSERT INTO slot_days VALUES(122399,16,'2026-05-13');
INSERT INTO slot_days VALUES(122400,16,'2026-05-14');
INSERT INTO slot_days VALUES(122401,16,'2026-05-15');
INSERT INTO slot_days VALUES(122402,16,'2026-05-16');
INSERT INTO slot_days VALUES(122403,16,'2026-05-17');
INSERT INTO slot_days VALUES(122404,16,'2026-05-18');
INSERT INTO slot_days VALUES(122405,16,'2026-05-19');
INSERT INTO slot_days VALUES(122406,16,'2026-05-20');
INSERT INTO slot_days VALUES(122407,16,'2026-05-21');
INSERT INTO slot_days VALUES(122408,16,'2026-05-22');
INSERT INTO slot_days VALUES(122409,16,'2026-05-23');
INSERT INTO slot_days VALUES(122410,16,'2026-05-24');
INSERT INTO slot_days VALUES(122411,16,'2026-05-25');
INSERT INTO slot_days VALUES(122412,16,'2026-05-26');
INSERT INTO slot_days VALUES(122413,16,'2026-05-27');
INSERT INTO slot_days VALUES(122414,16,'2026-05-28');
INSERT INTO slot_days VALUES(122415,16,'2026-05-29');
INSERT INTO slot_days VALUES(122416,16,'2026-05-30');
INSERT INTO slot_days VALUES(122417,16,'2026-05-31');
INSERT INTO slot_days VALUES(122418,16,'2026-06-01');
INSERT INTO slot_days VALUES(122419,16,'2026-06-02');
INSERT INTO slot_days VALUES(122420,16,'2026-06-03');
INSERT INTO slot_days VALUES(122421,16,'2026-06-04');
INSERT INTO slot_days VALUES(122422,16,'2026-06-05');
INSERT INTO slot_days VALUES(122423,16,'2026-06-06');
INSERT INTO slot_days VALUES(122424,16,'2026-06-07');
INSERT INTO slot_days VALUES(122425,17,'2026-06-08');
INSERT INTO slot_days VALUES(122426,17,'2026-06-09');
INSERT INTO slot_days VALUES(122427,17,'2026-06-10');
INSERT INTO slot_days VALUES(122428,17,'2026-06-11');
INSERT INTO slot_days VALUES(122429,17,'2026-06-12');
INSERT INTO slot_days VALUES(122430,17,'2026-06-13');
INSERT INTO slot_days VALUES(122431,17,'2026-06-14');
INSERT INTO slot_days VALUES(122432,17,'2026-06-15');
INSERT INTO slot_days VALUES(122433,17,'2026-06-16');
INSERT INTO slot_days VALUES(122434,17,'2026-06-17');
INSERT INTO slot_days VALUES(122435,17,'2026-06-18');
INSERT INTO slot_days VALUES(122436,17,'2026-06-19');
INSERT INTO slot_days VALUES(122437,17,'2026-06-20');
INSERT INTO slot_days VALUES(122438,17,'2026-06-21');
INSERT INTO slot_days VALUES(122439,17,'2026-06-22');
INSERT INTO slot_days VALUES(122440,17,'2026-06-23');
INSERT INTO slot_days VALUES(122441,17,'2026-06-24');
INSERT INTO slot_days VALUES(122442,17,'2026-06-25');
INSERT INTO slot_days VALUES(122443,17,'2026-06-26');
INSERT INTO slot_days VALUES(122444,17,'2026-06-27');
INSERT INTO slot_days VALUES(122445,17,'2026-06-28');
INSERT INTO slot_days VALUES(122446,17,'2026-06-29');
INSERT INTO slot_days VALUES(122447,17,'2026-06-30');
INSERT INTO slot_days VALUES(122448,17,'2026-07-01');
INSERT INTO slot_days VALUES(122449,17,'2026-07-02');
INSERT INTO slot_days VALUES(122450,17,'2026-07-03');
INSERT INTO slot_days VALUES(122451,17,'2026-07-04');
INSERT INTO slot_days VALUES(122452,17,'2026-07-05');
INSERT INTO slot_days VALUES(122453,18,'2026-08-17');
INSERT INTO slot_days VALUES(122454,18,'2026-08-18');
INSERT INTO slot_days VALUES(122455,18,'2026-08-19');
INSERT INTO slot_days VALUES(122456,18,'2026-08-20');
INSERT INTO slot_days VALUES(122457,18,'2026-08-21');
INSERT INTO slot_days VALUES(122458,18,'2026-08-22');
INSERT INTO slot_days VALUES(122459,18,'2026-08-23');
INSERT INTO slot_days VALUES(122460,18,'2026-08-24');
INSERT INTO slot_days VALUES(122461,18,'2026-08-25');
INSERT INTO slot_days VALUES(122462,18,'2026-08-26');
INSERT INTO slot_days VALUES(122463,18,'2026-08-27');
INSERT INTO slot_days VALUES(122464,18,'2026-08-28');
INSERT INTO slot_days VALUES(122465,18,'2026-08-29');
INSERT INTO slot_days VALUES(122466,18,'2026-08-30');
INSERT INTO slot_days VALUES(122467,18,'2026-08-31');
INSERT INTO slot_days VALUES(122468,18,'2026-09-01');
INSERT INTO slot_days VALUES(122469,18,'2026-09-02');
INSERT INTO slot_days VALUES(122470,18,'2026-09-03');
INSERT INTO slot_days VALUES(122471,18,'2026-09-04');
INSERT INTO slot_days VALUES(122472,18,'2026-09-05');
INSERT INTO slot_days VALUES(122473,18,'2026-09-06');
INSERT INTO slot_days VALUES(122474,18,'2026-09-07');
INSERT INTO slot_days VALUES(122475,18,'2026-09-08');
INSERT INTO slot_days VALUES(122476,18,'2026-09-09');
INSERT INTO slot_days VALUES(122477,18,'2026-09-10');
INSERT INTO slot_days VALUES(122478,18,'2026-09-11');
INSERT INTO slot_days VALUES(122479,18,'2026-09-12');
INSERT INTO slot_days VALUES(122480,18,'2026-09-13');
INSERT INTO slot_days VALUES(122481,19,'2026-09-14');
INSERT INTO slot_days VALUES(122482,19,'2026-09-15');
INSERT INTO slot_days VALUES(122483,19,'2026-09-16');
INSERT INTO slot_days VALUES(122484,19,'2026-09-17');
INSERT INTO slot_days VALUES(122485,19,'2026-09-18');
INSERT INTO slot_days VALUES(122486,19,'2026-09-19');
INSERT INTO slot_days VALUES(122487,19,'2026-09-20');
INSERT INTO slot_days VALUES(122488,19,'2026-09-21');
INSERT INTO slot_days VALUES(122489,19,'2026-09-22');
INSERT INTO slot_days VALUES(122490,19,'2026-09-23');
INSERT INTO slot_days VALUES(122491,19,'2026-09-24');
INSERT INTO slot_days VALUES(122492,19,'2026-09-25');
INSERT INTO slot_days VALUES(122493,19,'2026-09-26');
INSERT INTO slot_days VALUES(122494,19,'2026-09-27');
INSERT INTO slot_days VALUES(122495,19,'2026-09-28');
INSERT INTO slot_days VALUES(122496,19,'2026-09-29');
INSERT INTO slot_days VALUES(122497,19,'2026-09-30');
INSERT INTO slot_days VALUES(122498,19,'2026-10-01');
INSERT INTO slot_days VALUES(122499,19,'2026-10-02');
INSERT INTO slot_days VALUES(122500,19,'2026-10-03');
INSERT INTO slot_days VALUES(122501,19,'2026-10-04');
INSERT INTO slot_days VALUES(122502,19,'2026-10-05');
INSERT INTO slot_days VALUES(122503,19,'2026-10-06');
INSERT INTO slot_days VALUES(122504,19,'2026-10-07');
INSERT INTO slot_days VALUES(122505,19,'2026-10-08');
INSERT INTO slot_days VALUES(122506,19,'2026-10-09');
INSERT INTO slot_days VALUES(122507,19,'2026-10-10');
INSERT INTO slot_days VALUES(122508,19,'2026-10-11');
INSERT INTO slot_days VALUES(122509,20,'2026-10-12');
INSERT INTO slot_days VALUES(122510,20,'2026-10-13');
INSERT INTO slot_days VALUES(122511,20,'2026-10-14');
INSERT INTO slot_days VALUES(122512,20,'2026-10-15');
INSERT INTO slot_days VALUES(122513,20,'2026-10-16');
INSERT INTO slot_days VALUES(122514,20,'2026-10-17');
INSERT INTO slot_days VALUES(122515,20,'2026-10-18');
INSERT INTO slot_days VALUES(122516,20,'2026-10-19');
INSERT INTO slot_days VALUES(122517,20,'2026-10-20');
INSERT INTO slot_days VALUES(122518,20,'2026-10-21');
INSERT INTO slot_days VALUES(122519,20,'2026-10-22');
INSERT INTO slot_days VALUES(122520,20,'2026-10-23');
INSERT INTO slot_days VALUES(122521,20,'2026-10-24');
INSERT INTO slot_days VALUES(122522,20,'2026-10-25');
INSERT INTO slot_days VALUES(122523,20,'2026-10-26');
INSERT INTO slot_days VALUES(122524,20,'2026-10-27');
INSERT INTO slot_days VALUES(122525,20,'2026-10-28');
INSERT INTO slot_days VALUES(122526,20,'2026-10-29');
INSERT INTO slot_days VALUES(122527,20,'2026-10-30');
INSERT INTO slot_days VALUES(122528,20,'2026-10-31');
INSERT INTO slot_days VALUES(122529,20,'2026-11-01');
INSERT INTO slot_days VALUES(122530,20,'2026-11-02');
INSERT INTO slot_days VALUES(122531,20,'2026-11-03');
INSERT INTO slot_days VALUES(122532,20,'2026-11-04');
INSERT INTO slot_days VALUES(122533,20,'2026-11-05');
INSERT INTO slot_days VALUES(122534,20,'2026-11-06');
INSERT INTO slot_days VALUES(122535,20,'2026-11-07');
INSERT INTO slot_days VALUES(122536,21,'2026-11-09');
INSERT INTO slot_days VALUES(122537,21,'2026-11-10');
INSERT INTO slot_days VALUES(122538,21,'2026-11-11');
INSERT INTO slot_days VALUES(122539,21,'2026-11-12');
INSERT INTO slot_days VALUES(122540,21,'2026-11-13');
INSERT INTO slot_days VALUES(122541,21,'2026-11-14');
INSERT INTO slot_days VALUES(122542,21,'2026-11-15');
INSERT INTO slot_days VALUES(122543,21,'2026-11-16');
INSERT INTO slot_days VALUES(122544,21,'2026-11-17');
INSERT INTO slot_days VALUES(122545,21,'2026-11-18');
INSERT INTO slot_days VALUES(122546,21,'2026-11-19');
INSERT INTO slot_days VALUES(122547,21,'2026-11-20');
INSERT INTO slot_days VALUES(122548,21,'2026-11-21');
INSERT INTO slot_days VALUES(122549,21,'2026-11-22');
INSERT INTO slot_days VALUES(122550,21,'2026-11-23');
INSERT INTO slot_days VALUES(122551,21,'2026-11-24');
INSERT INTO slot_days VALUES(122552,21,'2026-11-25');
INSERT INTO slot_days VALUES(122553,21,'2026-11-26');
INSERT INTO slot_days VALUES(122554,21,'2026-11-27');
INSERT INTO slot_days VALUES(122555,21,'2026-11-28');
INSERT INTO slot_days VALUES(122556,21,'2026-11-29');
INSERT INTO slot_days VALUES(122557,21,'2026-11-30');
INSERT INTO slot_days VALUES(122558,21,'2026-12-01');
INSERT INTO slot_days VALUES(122559,21,'2026-12-02');
INSERT INTO slot_days VALUES(122560,21,'2026-12-03');
INSERT INTO slot_days VALUES(122561,21,'2026-12-04');
INSERT INTO slot_days VALUES(122562,21,'2026-12-05');
INSERT INTO slot_days VALUES(122563,21,'2026-12-06');
INSERT INTO slot_days VALUES(122564,22,'2026-12-07');
INSERT INTO slot_days VALUES(122565,22,'2026-12-08');
INSERT INTO slot_days VALUES(122566,22,'2026-12-09');
INSERT INTO slot_days VALUES(122567,22,'2026-12-10');
INSERT INTO slot_days VALUES(122568,22,'2026-12-11');
INSERT INTO slot_days VALUES(122569,22,'2026-12-12');
INSERT INTO slot_days VALUES(122570,22,'2026-12-13');
INSERT INTO slot_days VALUES(122571,22,'2026-12-14');
INSERT INTO slot_days VALUES(122572,22,'2026-12-15');
INSERT INTO slot_days VALUES(122573,22,'2026-12-16');
INSERT INTO slot_days VALUES(122574,22,'2026-12-17');
INSERT INTO slot_days VALUES(122575,22,'2026-12-18');
INSERT INTO slot_days VALUES(122576,22,'2026-12-19');
INSERT INTO slot_days VALUES(122577,22,'2026-12-20');
INSERT INTO slot_days VALUES(122578,22,'2026-12-21');
INSERT INTO slot_days VALUES(122579,22,'2026-12-22');
INSERT INTO slot_days VALUES(122580,22,'2026-12-23');
INSERT INTO slot_days VALUES(122581,22,'2026-12-24');
INSERT INTO slot_days VALUES(122582,22,'2026-12-25');
INSERT INTO slot_days VALUES(122583,22,'2026-12-26');
INSERT INTO slot_days VALUES(122584,22,'2026-12-27');
INSERT INTO slot_days VALUES(122585,22,'2026-12-28');
INSERT INTO slot_days VALUES(122586,22,'2026-12-29');
INSERT INTO slot_days VALUES(122587,22,'2026-12-30');
INSERT INTO slot_days VALUES(122588,22,'2026-12-31');
INSERT INTO slot_days VALUES(122589,22,'2027-01-01');
INSERT INTO slot_days VALUES(122590,22,'2027-01-02');
INSERT INTO slot_days VALUES(122591,22,'2027-01-03');
INSERT INTO slot_days VALUES(122592,23,'2027-01-25');
INSERT INTO slot_days VALUES(122593,23,'2027-01-26');
INSERT INTO slot_days VALUES(122594,23,'2027-01-27');
INSERT INTO slot_days VALUES(122595,23,'2027-01-28');
INSERT INTO slot_days VALUES(122596,23,'2027-01-29');
INSERT INTO slot_days VALUES(122597,23,'2027-01-30');
INSERT INTO slot_days VALUES(122598,23,'2027-01-31');
INSERT INTO slot_days VALUES(122599,23,'2027-02-01');
INSERT INTO slot_days VALUES(122600,23,'2027-02-02');
INSERT INTO slot_days VALUES(122601,23,'2027-02-03');
INSERT INTO slot_days VALUES(122602,23,'2027-02-04');
INSERT INTO slot_days VALUES(122603,23,'2027-02-05');
INSERT INTO slot_days VALUES(122604,23,'2027-02-06');
INSERT INTO slot_days VALUES(122605,23,'2027-02-07');
INSERT INTO slot_days VALUES(122606,23,'2027-02-08');
INSERT INTO slot_days VALUES(122607,23,'2027-02-09');
INSERT INTO slot_days VALUES(122608,23,'2027-02-10');
INSERT INTO slot_days VALUES(122609,23,'2027-02-11');
INSERT INTO slot_days VALUES(122610,23,'2027-02-12');
INSERT INTO slot_days VALUES(122611,23,'2027-02-13');
INSERT INTO slot_days VALUES(122612,23,'2027-02-14');
INSERT INTO slot_days VALUES(122613,23,'2027-02-15');
INSERT INTO slot_days VALUES(122614,23,'2027-02-16');
INSERT INTO slot_days VALUES(122615,23,'2027-02-17');
INSERT INTO slot_days VALUES(122616,23,'2027-02-18');
INSERT INTO slot_days VALUES(122617,23,'2027-02-19');
INSERT INTO slot_days VALUES(122618,23,'2027-02-20');
INSERT INTO slot_days VALUES(122619,23,'2027-02-21');
INSERT INTO slot_days VALUES(122620,24,'2027-02-22');
INSERT INTO slot_days VALUES(122621,24,'2027-02-23');
INSERT INTO slot_days VALUES(122622,24,'2027-02-24');
INSERT INTO slot_days VALUES(122623,24,'2027-02-25');
INSERT INTO slot_days VALUES(122624,24,'2027-02-26');
INSERT INTO slot_days VALUES(122625,24,'2027-02-27');
INSERT INTO slot_days VALUES(122626,24,'2027-02-28');
INSERT INTO slot_days VALUES(122627,24,'2027-03-01');
INSERT INTO slot_days VALUES(122628,24,'2027-03-02');
INSERT INTO slot_days VALUES(122629,24,'2027-03-03');
INSERT INTO slot_days VALUES(122630,24,'2027-03-04');
INSERT INTO slot_days VALUES(122631,24,'2027-03-05');
INSERT INTO slot_days VALUES(122632,24,'2027-03-06');
INSERT INTO slot_days VALUES(122633,24,'2027-03-07');
INSERT INTO slot_days VALUES(122634,24,'2027-03-08');
INSERT INTO slot_days VALUES(122635,24,'2027-03-09');
INSERT INTO slot_days VALUES(122636,24,'2027-03-10');
INSERT INTO slot_days VALUES(122637,24,'2027-03-11');
INSERT INTO slot_days VALUES(122638,24,'2027-03-12');
INSERT INTO slot_days VALUES(122639,24,'2027-03-13');
INSERT INTO slot_days VALUES(122640,24,'2027-03-14');
INSERT INTO slot_days VALUES(122641,24,'2027-03-15');
INSERT INTO slot_days VALUES(122642,24,'2027-03-16');
INSERT INTO slot_days VALUES(122643,24,'2027-03-17');
INSERT INTO slot_days VALUES(122644,24,'2027-03-18');
INSERT INTO slot_days VALUES(122645,24,'2027-03-19');
INSERT INTO slot_days VALUES(122646,24,'2027-03-20');
INSERT INTO slot_days VALUES(122647,24,'2027-03-21');
INSERT INTO slot_days VALUES(122648,25,'2027-03-22');
INSERT INTO slot_days VALUES(122649,25,'2027-03-23');
INSERT INTO slot_days VALUES(122650,25,'2027-03-24');
INSERT INTO slot_days VALUES(122651,25,'2027-03-25');
INSERT INTO slot_days VALUES(122652,25,'2027-03-26');
INSERT INTO slot_days VALUES(122653,25,'2027-03-27');
INSERT INTO slot_days VALUES(122654,25,'2027-03-28');
INSERT INTO slot_days VALUES(122656,25,'2027-03-29');
INSERT INTO slot_days VALUES(122657,25,'2027-03-30');
INSERT INTO slot_days VALUES(122658,25,'2027-03-31');
INSERT INTO slot_days VALUES(122659,25,'2027-04-01');
INSERT INTO slot_days VALUES(122660,25,'2027-04-02');
INSERT INTO slot_days VALUES(122661,25,'2027-04-03');
INSERT INTO slot_days VALUES(122662,25,'2027-04-04');
INSERT INTO slot_days VALUES(122663,25,'2027-04-05');
INSERT INTO slot_days VALUES(122664,25,'2027-04-06');
INSERT INTO slot_days VALUES(122665,25,'2027-04-07');
INSERT INTO slot_days VALUES(122666,25,'2027-04-08');
INSERT INTO slot_days VALUES(122667,25,'2027-04-09');
INSERT INTO slot_days VALUES(122668,25,'2027-04-10');
INSERT INTO slot_days VALUES(122669,25,'2027-04-11');
INSERT INTO slot_days VALUES(122670,25,'2027-04-12');
INSERT INTO slot_days VALUES(122671,25,'2027-04-13');
INSERT INTO slot_days VALUES(122672,25,'2027-04-14');
INSERT INTO slot_days VALUES(122673,25,'2027-04-15');
INSERT INTO slot_days VALUES(122674,25,'2027-04-16');
INSERT INTO slot_days VALUES(122675,26,'2027-04-19');
INSERT INTO slot_days VALUES(122676,26,'2027-04-20');
INSERT INTO slot_days VALUES(122677,26,'2027-04-21');
INSERT INTO slot_days VALUES(122678,26,'2027-04-22');
INSERT INTO slot_days VALUES(122679,26,'2027-04-23');
INSERT INTO slot_days VALUES(122680,26,'2027-04-24');
INSERT INTO slot_days VALUES(122681,26,'2027-04-25');
INSERT INTO slot_days VALUES(122682,26,'2027-04-26');
INSERT INTO slot_days VALUES(122683,26,'2027-04-27');
INSERT INTO slot_days VALUES(122684,26,'2027-04-28');
INSERT INTO slot_days VALUES(122685,26,'2027-04-29');
INSERT INTO slot_days VALUES(122686,26,'2027-04-30');
INSERT INTO slot_days VALUES(122687,26,'2027-05-01');
INSERT INTO slot_days VALUES(122688,26,'2027-05-02');
INSERT INTO slot_days VALUES(122689,26,'2027-05-03');
INSERT INTO slot_days VALUES(122690,26,'2027-05-04');
INSERT INTO slot_days VALUES(122691,26,'2027-05-05');
INSERT INTO slot_days VALUES(122692,26,'2027-05-06');
INSERT INTO slot_days VALUES(122693,26,'2027-05-07');
INSERT INTO slot_days VALUES(122694,26,'2027-05-08');
INSERT INTO slot_days VALUES(122695,26,'2027-05-09');
INSERT INTO slot_days VALUES(122696,26,'2027-05-10');
INSERT INTO slot_days VALUES(122697,26,'2027-05-11');
INSERT INTO slot_days VALUES(122698,26,'2027-05-12');
INSERT INTO slot_days VALUES(122699,26,'2027-05-13');
INSERT INTO slot_days VALUES(122700,26,'2027-05-14');
INSERT INTO slot_days VALUES(122701,26,'2027-05-15');
INSERT INTO slot_days VALUES(122702,26,'2027-05-16');
INSERT INTO slot_days VALUES(122703,27,'2027-05-17');
INSERT INTO slot_days VALUES(122704,27,'2027-05-18');
INSERT INTO slot_days VALUES(122705,27,'2027-05-19');
INSERT INTO slot_days VALUES(122706,27,'2027-05-20');
INSERT INTO slot_days VALUES(122707,27,'2027-05-21');
INSERT INTO slot_days VALUES(122708,27,'2027-05-22');
INSERT INTO slot_days VALUES(122709,27,'2027-05-23');
INSERT INTO slot_days VALUES(122710,27,'2027-05-24');
INSERT INTO slot_days VALUES(122711,27,'2027-05-25');
INSERT INTO slot_days VALUES(122712,27,'2027-05-26');
INSERT INTO slot_days VALUES(122713,27,'2027-05-27');
INSERT INTO slot_days VALUES(122714,27,'2027-05-28');
INSERT INTO slot_days VALUES(122715,27,'2027-05-29');
INSERT INTO slot_days VALUES(122716,27,'2027-05-30');
INSERT INTO slot_days VALUES(122717,27,'2027-05-31');
INSERT INTO slot_days VALUES(122718,27,'2027-06-01');
INSERT INTO slot_days VALUES(122719,27,'2027-06-02');
INSERT INTO slot_days VALUES(122720,27,'2027-06-03');
INSERT INTO slot_days VALUES(122721,27,'2027-06-04');
INSERT INTO slot_days VALUES(122722,27,'2027-06-05');
INSERT INTO slot_days VALUES(122723,27,'2027-06-06');
INSERT INTO slot_days VALUES(122724,27,'2027-06-07');
INSERT INTO slot_days VALUES(122725,27,'2027-06-08');
INSERT INTO slot_days VALUES(122726,27,'2027-06-09');
INSERT INTO slot_days VALUES(122727,27,'2027-06-10');
INSERT INTO slot_days VALUES(122728,27,'2027-06-11');
INSERT INTO slot_days VALUES(122729,27,'2027-06-12');
INSERT INTO slot_days VALUES(122730,27,'2027-06-13');
INSERT INTO slot_days VALUES(122731,28,'2027-06-14');
INSERT INTO slot_days VALUES(122732,28,'2027-06-15');
INSERT INTO slot_days VALUES(122733,28,'2027-06-16');
INSERT INTO slot_days VALUES(122734,28,'2027-06-17');
INSERT INTO slot_days VALUES(122735,28,'2027-06-18');
INSERT INTO slot_days VALUES(122736,28,'2027-06-19');
INSERT INTO slot_days VALUES(122737,28,'2027-06-20');
INSERT INTO slot_days VALUES(122738,28,'2027-06-21');
INSERT INTO slot_days VALUES(122739,28,'2027-06-22');
INSERT INTO slot_days VALUES(122740,28,'2027-06-23');
INSERT INTO slot_days VALUES(122741,28,'2027-06-24');
INSERT INTO slot_days VALUES(122742,28,'2027-06-25');
INSERT INTO slot_days VALUES(122743,28,'2027-06-26');
INSERT INTO slot_days VALUES(122744,28,'2027-06-27');
INSERT INTO slot_days VALUES(122745,28,'2027-06-28');
INSERT INTO slot_days VALUES(122746,28,'2027-06-29');
INSERT INTO slot_days VALUES(122747,28,'2027-06-30');
INSERT INTO slot_days VALUES(122748,28,'2027-07-01');
INSERT INTO slot_days VALUES(122749,28,'2027-07-02');
INSERT INTO slot_days VALUES(122750,28,'2027-07-03');
INSERT INTO slot_days VALUES(122751,28,'2027-07-04');
INSERT INTO slot_days VALUES(122752,28,'2027-07-05');
INSERT INTO slot_days VALUES(122753,28,'2027-07-06');
INSERT INTO slot_days VALUES(122754,28,'2027-07-07');
INSERT INTO slot_days VALUES(122755,28,'2027-07-08');
INSERT INTO slot_days VALUES(122756,28,'2027-07-09');
INSERT INTO slot_days VALUES(122757,28,'2027-07-10');
INSERT INTO slot_days VALUES(122758,28,'2027-07-11');
INSERT INTO slot_days VALUES(122759,29,'2027-08-09');
INSERT INTO slot_days VALUES(122760,29,'2027-08-10');
INSERT INTO slot_days VALUES(122761,29,'2027-08-11');
INSERT INTO slot_days VALUES(122762,29,'2027-08-12');
INSERT INTO slot_days VALUES(122763,29,'2027-08-13');
INSERT INTO slot_days VALUES(122764,29,'2027-08-14');
INSERT INTO slot_days VALUES(122765,29,'2027-08-15');
INSERT INTO slot_days VALUES(122766,29,'2027-08-16');
INSERT INTO slot_days VALUES(122767,29,'2027-08-17');
INSERT INTO slot_days VALUES(122768,29,'2027-08-18');
INSERT INTO slot_days VALUES(122769,29,'2027-08-19');
INSERT INTO slot_days VALUES(122770,29,'2027-08-20');
INSERT INTO slot_days VALUES(122771,29,'2027-08-21');
INSERT INTO slot_days VALUES(122772,29,'2027-08-22');
INSERT INTO slot_days VALUES(122773,29,'2027-08-23');
INSERT INTO slot_days VALUES(122774,29,'2027-08-24');
INSERT INTO slot_days VALUES(122775,29,'2027-08-25');
INSERT INTO slot_days VALUES(122776,29,'2027-08-26');
INSERT INTO slot_days VALUES(122777,29,'2027-08-27');
INSERT INTO slot_days VALUES(122778,29,'2027-08-28');
INSERT INTO slot_days VALUES(122779,29,'2027-08-29');
INSERT INTO slot_days VALUES(122780,29,'2027-08-30');
INSERT INTO slot_days VALUES(122781,29,'2027-08-31');
INSERT INTO slot_days VALUES(122782,29,'2027-09-01');
INSERT INTO slot_days VALUES(122783,29,'2027-09-02');
INSERT INTO slot_days VALUES(122784,29,'2027-09-03');
INSERT INTO slot_days VALUES(122785,29,'2027-09-04');
INSERT INTO slot_days VALUES(122786,29,'2027-09-05');
INSERT INTO slot_days VALUES(122787,30,'2027-09-06');
INSERT INTO slot_days VALUES(122788,30,'2027-09-07');
INSERT INTO slot_days VALUES(122789,30,'2027-09-08');
INSERT INTO slot_days VALUES(122790,30,'2027-09-09');
INSERT INTO slot_days VALUES(122791,30,'2027-09-10');
INSERT INTO slot_days VALUES(122792,30,'2027-09-11');
INSERT INTO slot_days VALUES(122793,30,'2027-09-12');
INSERT INTO slot_days VALUES(122794,30,'2027-09-13');
INSERT INTO slot_days VALUES(122795,30,'2027-09-14');
INSERT INTO slot_days VALUES(122796,30,'2027-09-15');
INSERT INTO slot_days VALUES(122797,30,'2027-09-16');
INSERT INTO slot_days VALUES(122798,30,'2027-09-17');
INSERT INTO slot_days VALUES(122799,30,'2027-09-18');
INSERT INTO slot_days VALUES(122800,30,'2027-09-19');
INSERT INTO slot_days VALUES(122801,30,'2027-09-20');
INSERT INTO slot_days VALUES(122802,30,'2027-09-21');
INSERT INTO slot_days VALUES(122803,30,'2027-09-22');
INSERT INTO slot_days VALUES(122804,30,'2027-09-23');
INSERT INTO slot_days VALUES(122805,30,'2027-09-24');
INSERT INTO slot_days VALUES(122806,30,'2027-09-25');
INSERT INTO slot_days VALUES(122807,30,'2027-09-26');
INSERT INTO slot_days VALUES(122808,30,'2027-09-27');
INSERT INTO slot_days VALUES(122809,30,'2027-09-28');
INSERT INTO slot_days VALUES(122810,30,'2027-09-29');
INSERT INTO slot_days VALUES(122811,30,'2027-09-30');
INSERT INTO slot_days VALUES(122812,30,'2027-10-01');
INSERT INTO slot_days VALUES(122813,30,'2027-10-02');
INSERT INTO slot_days VALUES(122814,30,'2027-10-03');
CREATE TABLE teacher_slot_unavailability (
    id INTEGER PRIMARY KEY AUTOINCREMENT,
    teacher_id INTEGER NOT NULL,
    slot_id INTEGER NOT NULL,
    created_at DATETIME DEFAULT CURRENT_TIMESTAMP,
    UNIQUE(teacher_id, slot_id)
  );
CREATE TABLE teacher_day_unavailability (
    id INTEGER PRIMARY KEY AUTOINCREMENT,
    teacher_id INTEGER NOT NULL,
    slot_day_id INTEGER NOT NULL,
    created_at DATETIME DEFAULT CURRENT_TIMESTAMP,
    UNIQUE(teacher_id, slot_day_id)
  );
CREATE TABLE course_run_cohorts (
    run_cohort_id INTEGER PRIMARY KEY AUTOINCREMENT,
    run_id INTEGER NOT NULL,
    cohort_id INTEGER,
    created_at DATETIME DEFAULT CURRENT_TIMESTAMP,
    UNIQUE(run_id, cohort_id)
  );
CREATE TABLE course_run_teachers (
    run_id INTEGER NOT NULL,
    teacher_id INTEGER NOT NULL,
    created_at DATETIME DEFAULT CURRENT_TIMESTAMP,
    PRIMARY KEY (run_id, teacher_id)
  );
CREATE TABLE course_run_days (
    course_run_day_id INTEGER PRIMARY KEY AUTOINCREMENT,
    run_id INTEGER NOT NULL,
    slot_day_id INTEGER NOT NULL,
    is_default INTEGER DEFAULT 0,
    active INTEGER DEFAULT 1,
    UNIQUE(run_id, slot_day_id)
  );
CREATE TABLE IF NOT EXISTS "teacher_course_competency" (
        teacher_id INTEGER NOT NULL,
        course_id INTEGER NOT NULL,
        PRIMARY KEY (teacher_id, course_id)
      );
INSERT INTO teacher_course_competency VALUES(1,1);
INSERT INTO teacher_course_competency VALUES(1,2);
CREATE TABLE cohort_slot_courses (
    cohort_slot_course_id INTEGER PRIMARY KEY AUTOINCREMENT,
    course_id INTEGER NOT NULL,
    slot_id INTEGER NOT NULL,
    cohort_id INTEGER,
    teachers TEXT,
    created_at DATETIME DEFAULT CURRENT_TIMESTAMP, slot_span INTEGER DEFAULT 1,
    UNIQUE(course_id, slot_id, cohort_id)
  );
INSERT INTO cohort_slot_courses VALUES(1,0,9,NULL,'[]','2025-12-14T15:56:08.871Z',1);
INSERT INTO cohort_slot_courses VALUES(2,1,9,NULL,'[]','2025-12-14T15:56:08.871Z',1);
INSERT INTO cohort_slot_courses VALUES(3,2,9,NULL,'[]','2025-12-14T15:56:08.871Z',2);
INSERT INTO cohort_slot_courses VALUES(4,3,10,NULL,'[]','2025-12-14T15:56:08.871Z',1);
INSERT INTO cohort_slot_courses VALUES(5,4,10,NULL,'[]','2025-12-14T15:56:08.871Z',1);
INSERT INTO cohort_slot_courses VALUES(6,5,10,NULL,'[]','2025-12-14T15:56:08.871Z',1);
INSERT INTO cohort_slot_courses VALUES(7,6,11,NULL,'[]','2025-12-14T15:56:08.871Z',1);
INSERT INTO cohort_slot_courses VALUES(8,7,11,NULL,'[]','2025-12-14T15:56:08.871Z',1);
INSERT INTO cohort_slot_courses VALUES(9,8,12,NULL,'[]','2025-12-14T15:56:08.871Z',1);
INSERT INTO cohort_slot_courses VALUES(10,1,12,NULL,'[]','2025-12-14T15:56:08.871Z',1);
INSERT INTO cohort_slot_courses VALUES(11,9,13,NULL,'[]','2025-12-14T15:56:08.871Z',1);
INSERT INTO cohort_slot_courses VALUES(12,10,14,NULL,'[]','2025-12-14T15:56:08.871Z',1);
INSERT INTO cohort_slot_courses VALUES(13,11,15,NULL,'[]','2025-12-14T15:56:08.871Z',1);
INSERT INTO cohort_slot_courses VALUES(14,7,15,NULL,'[]','2025-12-14T15:56:08.871Z',1);
INSERT INTO cohort_slot_courses VALUES(15,10,16,NULL,'[]','2025-12-14T15:56:08.871Z',1);
INSERT INTO cohort_slot_courses VALUES(16,12,16,NULL,'[]','2025-12-14T15:56:08.871Z',1);
INSERT INTO cohort_slot_courses VALUES(17,0,17,NULL,'[]','2025-12-14T15:56:08.871Z',1);
INSERT INTO cohort_slot_courses VALUES(18,2,17,NULL,'[]','2025-12-14T15:56:08.871Z',2);
INSERT INTO cohort_slot_courses VALUES(19,3,18,NULL,'[]','2025-12-14T15:56:08.871Z',1);
INSERT INTO cohort_slot_courses VALUES(20,5,19,NULL,'[]','2025-12-14T15:56:08.871Z',1);
INSERT INTO cohort_slot_courses VALUES(21,11,20,NULL,'[]','2025-12-14T15:56:08.871Z',1);
INSERT INTO cohort_slot_courses VALUES(22,8,20,NULL,'[]','2025-12-14T15:56:08.871Z',1);
INSERT INTO cohort_slot_courses VALUES(23,6,21,NULL,'[]','2025-12-14T15:56:08.871Z',1);
INSERT INTO cohort_slot_courses VALUES(24,1,22,NULL,'[]','2025-12-14T15:56:08.871Z',1);
INSERT INTO cohort_slot_courses VALUES(25,9,23,NULL,'[]','2025-12-14T15:56:08.871Z',1);
INSERT INTO cohort_slot_courses VALUES(26,10,23,NULL,'[]','2025-12-14T15:56:08.871Z',1);
INSERT INTO cohort_slot_courses VALUES(27,4,24,NULL,'[]','2025-12-14T15:56:08.871Z',1);
INSERT INTO cohort_slot_courses VALUES(28,11,25,NULL,'[]','2025-12-14T15:56:08.871Z',1);
INSERT INTO cohort_slot_courses VALUES(29,2,25,NULL,'[]','2025-12-14T15:56:08.871Z',2);
INSERT INTO cohort_slot_courses VALUES(30,10,26,NULL,'[]','2025-12-14T15:56:08.871Z',1);
INSERT INTO cohort_slot_courses VALUES(31,3,26,NULL,'[]','2025-12-14T15:56:08.871Z',1);
INSERT INTO cohort_slot_courses VALUES(32,8,27,NULL,'[]','2025-12-14T15:56:08.871Z',1);
CREATE TABLE course_slot_days (
    course_slot_day_id INTEGER PRIMARY KEY AUTOINCREMENT,
    course_slot_id INTEGER NOT NULL,
    date TEXT NOT NULL,
    is_default INTEGER DEFAULT 0,
    active INTEGER DEFAULT 1
  );
INSERT INTO course_slot_days VALUES(1,1,'2025-06-02',1,1);
INSERT INTO course_slot_days VALUES(2,1,'2025-06-05',1,1);
INSERT INTO course_slot_days VALUES(3,1,'2025-06-10',1,1);
INSERT INTO course_slot_days VALUES(4,1,'2025-06-12',1,1);
INSERT INTO course_slot_days VALUES(5,1,'2025-06-17',1,1);
INSERT INTO course_slot_days VALUES(6,1,'2025-06-19',1,1);
INSERT INTO course_slot_days VALUES(7,1,'2025-06-23',1,1);
INSERT INTO course_slot_days VALUES(8,1,'2025-06-27',1,1);
INSERT INTO course_slot_days VALUES(9,2,'2025-06-02',1,1);
INSERT INTO course_slot_days VALUES(10,2,'2025-06-05',1,1);
INSERT INTO course_slot_days VALUES(11,2,'2025-06-10',1,1);
INSERT INTO course_slot_days VALUES(12,2,'2025-06-12',1,1);
INSERT INTO course_slot_days VALUES(13,2,'2025-06-17',1,1);
INSERT INTO course_slot_days VALUES(14,2,'2025-06-19',1,1);
INSERT INTO course_slot_days VALUES(15,2,'2025-06-23',1,1);
INSERT INTO course_slot_days VALUES(16,2,'2025-06-27',1,1);
INSERT INTO course_slot_days VALUES(17,3,'2025-06-02',1,1);
INSERT INTO course_slot_days VALUES(18,3,'2025-06-05',1,1);
INSERT INTO course_slot_days VALUES(19,3,'2025-06-10',1,1);
INSERT INTO course_slot_days VALUES(20,3,'2025-06-12',1,1);
INSERT INTO course_slot_days VALUES(21,3,'2025-06-17',1,1);
INSERT INTO course_slot_days VALUES(22,3,'2025-06-19',1,1);
INSERT INTO course_slot_days VALUES(23,3,'2025-06-23',1,1);
INSERT INTO course_slot_days VALUES(24,3,'2025-06-27',1,1);
INSERT INTO course_slot_days VALUES(25,4,'2025-08-18',1,1);
INSERT INTO course_slot_days VALUES(26,4,'2025-08-21',1,1);
INSERT INTO course_slot_days VALUES(27,4,'2025-08-26',1,1);
INSERT INTO course_slot_days VALUES(28,4,'2025-08-28',1,1);
INSERT INTO course_slot_days VALUES(29,4,'2025-09-02',1,1);
INSERT INTO course_slot_days VALUES(30,4,'2025-09-04',1,1);
INSERT INTO course_slot_days VALUES(31,4,'2025-09-08',1,1);
INSERT INTO course_slot_days VALUES(32,4,'2025-09-12',1,1);
INSERT INTO course_slot_days VALUES(33,5,'2025-08-18',1,1);
INSERT INTO course_slot_days VALUES(34,5,'2025-08-21',1,1);
INSERT INTO course_slot_days VALUES(35,5,'2025-08-26',1,1);
INSERT INTO course_slot_days VALUES(36,5,'2025-08-28',1,1);
INSERT INTO course_slot_days VALUES(37,5,'2025-09-02',1,1);
INSERT INTO course_slot_days VALUES(38,5,'2025-09-04',1,1);
INSERT INTO course_slot_days VALUES(39,5,'2025-09-08',1,1);
INSERT INTO course_slot_days VALUES(40,5,'2025-09-12',1,1);
INSERT INTO course_slot_days VALUES(41,6,'2025-08-18',1,1);
INSERT INTO course_slot_days VALUES(42,6,'2025-08-21',1,1);
INSERT INTO course_slot_days VALUES(43,6,'2025-08-26',1,1);
INSERT INTO course_slot_days VALUES(44,6,'2025-08-28',1,1);
INSERT INTO course_slot_days VALUES(45,6,'2025-09-02',1,1);
INSERT INTO course_slot_days VALUES(46,6,'2025-09-04',1,1);
INSERT INTO course_slot_days VALUES(47,6,'2025-09-08',1,1);
INSERT INTO course_slot_days VALUES(48,6,'2025-09-12',1,1);
INSERT INTO course_slot_days VALUES(49,7,'2025-10-13',1,1);
INSERT INTO course_slot_days VALUES(50,7,'2025-10-16',1,1);
INSERT INTO course_slot_days VALUES(51,7,'2025-10-21',1,1);
INSERT INTO course_slot_days VALUES(52,7,'2025-10-23',1,1);
INSERT INTO course_slot_days VALUES(53,7,'2025-10-28',1,1);
INSERT INTO course_slot_days VALUES(54,7,'2025-10-30',1,1);
INSERT INTO course_slot_days VALUES(55,7,'2025-11-03',1,1);
INSERT INTO course_slot_days VALUES(56,7,'2025-11-07',1,1);
INSERT INTO course_slot_days VALUES(57,8,'2025-10-13',1,1);
INSERT INTO course_slot_days VALUES(58,8,'2025-10-16',1,1);
INSERT INTO course_slot_days VALUES(59,8,'2025-10-21',1,1);
INSERT INTO course_slot_days VALUES(60,8,'2025-10-23',1,1);
INSERT INTO course_slot_days VALUES(61,8,'2025-10-28',1,1);
INSERT INTO course_slot_days VALUES(62,8,'2025-10-30',1,1);
INSERT INTO course_slot_days VALUES(63,8,'2025-11-03',1,1);
INSERT INTO course_slot_days VALUES(64,8,'2025-11-07',1,1);
INSERT INTO course_slot_days VALUES(65,9,'2025-11-10',1,1);
INSERT INTO course_slot_days VALUES(66,9,'2025-11-13',1,1);
INSERT INTO course_slot_days VALUES(67,9,'2025-11-18',1,1);
INSERT INTO course_slot_days VALUES(68,9,'2025-11-20',1,1);
INSERT INTO course_slot_days VALUES(69,9,'2025-11-25',1,1);
INSERT INTO course_slot_days VALUES(70,9,'2025-11-27',1,1);
INSERT INTO course_slot_days VALUES(71,9,'2025-12-01',1,1);
INSERT INTO course_slot_days VALUES(72,9,'2025-12-05',1,1);
INSERT INTO course_slot_days VALUES(73,10,'2025-11-10',1,1);
INSERT INTO course_slot_days VALUES(74,10,'2025-11-13',1,1);
INSERT INTO course_slot_days VALUES(75,10,'2025-11-18',1,1);
INSERT INTO course_slot_days VALUES(76,10,'2025-11-20',1,1);
INSERT INTO course_slot_days VALUES(77,10,'2025-11-25',1,1);
INSERT INTO course_slot_days VALUES(78,10,'2025-11-27',1,1);
INSERT INTO course_slot_days VALUES(79,10,'2025-12-01',1,1);
INSERT INTO course_slot_days VALUES(80,10,'2025-12-05',1,1);
INSERT INTO course_slot_days VALUES(81,11,'2026-02-16',1,1);
INSERT INTO course_slot_days VALUES(82,11,'2026-02-19',1,1);
INSERT INTO course_slot_days VALUES(83,11,'2026-02-24',1,1);
INSERT INTO course_slot_days VALUES(84,11,'2026-02-26',1,1);
INSERT INTO course_slot_days VALUES(85,11,'2026-03-03',1,1);
INSERT INTO course_slot_days VALUES(86,11,'2026-03-05',1,1);
INSERT INTO course_slot_days VALUES(87,11,'2026-03-09',1,1);
INSERT INTO course_slot_days VALUES(88,11,'2026-03-13',1,1);
INSERT INTO course_slot_days VALUES(89,12,'2026-03-16',1,1);
INSERT INTO course_slot_days VALUES(90,12,'2026-03-19',1,1);
INSERT INTO course_slot_days VALUES(91,12,'2026-03-24',1,1);
INSERT INTO course_slot_days VALUES(92,12,'2026-03-26',1,1);
INSERT INTO course_slot_days VALUES(93,12,'2026-03-30',1,1);
INSERT INTO course_slot_days VALUES(94,12,'2026-04-01',1,1);
INSERT INTO course_slot_days VALUES(95,12,'2026-04-05',1,1);
INSERT INTO course_slot_days VALUES(96,12,'2026-04-09',1,1);
INSERT INTO course_slot_days VALUES(97,13,'2026-04-13',1,1);
INSERT INTO course_slot_days VALUES(98,13,'2026-04-16',1,1);
INSERT INTO course_slot_days VALUES(99,13,'2026-04-21',1,1);
INSERT INTO course_slot_days VALUES(100,13,'2026-04-23',1,1);
INSERT INTO course_slot_days VALUES(101,13,'2026-04-28',1,1);
INSERT INTO course_slot_days VALUES(102,13,'2026-04-30',1,1);
INSERT INTO course_slot_days VALUES(103,13,'2026-05-04',1,1);
INSERT INTO course_slot_days VALUES(104,13,'2026-05-08',1,1);
INSERT INTO course_slot_days VALUES(105,14,'2026-04-13',1,1);
INSERT INTO course_slot_days VALUES(106,14,'2026-04-16',1,1);
INSERT INTO course_slot_days VALUES(107,14,'2026-04-21',1,1);
INSERT INTO course_slot_days VALUES(108,14,'2026-04-23',1,1);
INSERT INTO course_slot_days VALUES(109,14,'2026-04-28',1,1);
INSERT INTO course_slot_days VALUES(110,14,'2026-04-30',1,1);
INSERT INTO course_slot_days VALUES(111,14,'2026-05-04',1,1);
INSERT INTO course_slot_days VALUES(112,14,'2026-05-08',1,1);
INSERT INTO course_slot_days VALUES(113,15,'2026-05-11',1,1);
INSERT INTO course_slot_days VALUES(114,15,'2026-05-14',1,1);
INSERT INTO course_slot_days VALUES(115,15,'2026-05-19',1,1);
INSERT INTO course_slot_days VALUES(116,15,'2026-05-21',1,1);
INSERT INTO course_slot_days VALUES(117,15,'2026-05-26',1,1);
INSERT INTO course_slot_days VALUES(118,15,'2026-05-28',1,1);
INSERT INTO course_slot_days VALUES(119,15,'2026-06-01',1,1);
INSERT INTO course_slot_days VALUES(120,15,'2026-06-05',1,1);
INSERT INTO course_slot_days VALUES(121,16,'2026-05-11',1,1);
INSERT INTO course_slot_days VALUES(122,16,'2026-05-14',1,1);
INSERT INTO course_slot_days VALUES(123,16,'2026-05-19',1,1);
INSERT INTO course_slot_days VALUES(124,16,'2026-05-21',1,1);
INSERT INTO course_slot_days VALUES(125,16,'2026-05-26',1,1);
INSERT INTO course_slot_days VALUES(126,16,'2026-05-28',1,1);
INSERT INTO course_slot_days VALUES(127,16,'2026-06-01',1,1);
INSERT INTO course_slot_days VALUES(128,16,'2026-06-05',1,1);
INSERT INTO course_slot_days VALUES(129,17,'2026-06-08',1,1);
INSERT INTO course_slot_days VALUES(130,17,'2026-06-11',1,1);
INSERT INTO course_slot_days VALUES(131,17,'2026-06-16',1,1);
INSERT INTO course_slot_days VALUES(132,17,'2026-06-18',1,1);
INSERT INTO course_slot_days VALUES(133,17,'2026-06-23',1,1);
INSERT INTO course_slot_days VALUES(134,17,'2026-06-25',1,1);
INSERT INTO course_slot_days VALUES(135,17,'2026-06-29',1,1);
INSERT INTO course_slot_days VALUES(136,17,'2026-07-03',1,1);
INSERT INTO course_slot_days VALUES(137,18,'2026-06-08',1,1);
INSERT INTO course_slot_days VALUES(138,18,'2026-06-11',1,1);
INSERT INTO course_slot_days VALUES(139,18,'2026-06-16',1,1);
INSERT INTO course_slot_days VALUES(140,18,'2026-06-18',1,1);
INSERT INTO course_slot_days VALUES(141,18,'2026-06-23',1,1);
INSERT INTO course_slot_days VALUES(142,18,'2026-06-25',1,1);
INSERT INTO course_slot_days VALUES(143,18,'2026-06-29',1,1);
INSERT INTO course_slot_days VALUES(144,18,'2026-07-03',1,1);
INSERT INTO course_slot_days VALUES(145,19,'2026-08-17',1,1);
INSERT INTO course_slot_days VALUES(146,19,'2026-08-20',1,1);
INSERT INTO course_slot_days VALUES(147,19,'2026-08-25',1,1);
INSERT INTO course_slot_days VALUES(148,19,'2026-08-27',1,1);
INSERT INTO course_slot_days VALUES(149,19,'2026-09-01',1,1);
INSERT INTO course_slot_days VALUES(150,19,'2026-09-03',1,1);
INSERT INTO course_slot_days VALUES(151,19,'2026-09-07',1,1);
INSERT INTO course_slot_days VALUES(152,19,'2026-09-11',1,1);
INSERT INTO course_slot_days VALUES(153,20,'2026-09-14',1,1);
INSERT INTO course_slot_days VALUES(154,20,'2026-09-17',1,1);
INSERT INTO course_slot_days VALUES(155,20,'2026-09-22',1,1);
INSERT INTO course_slot_days VALUES(156,20,'2026-09-24',1,1);
INSERT INTO course_slot_days VALUES(157,20,'2026-09-29',1,1);
INSERT INTO course_slot_days VALUES(158,20,'2026-10-01',1,1);
INSERT INTO course_slot_days VALUES(159,20,'2026-10-05',1,1);
INSERT INTO course_slot_days VALUES(160,20,'2026-10-09',1,1);
INSERT INTO course_slot_days VALUES(161,21,'2026-10-12',1,1);
INSERT INTO course_slot_days VALUES(162,21,'2026-10-15',1,1);
INSERT INTO course_slot_days VALUES(163,21,'2026-10-20',1,1);
INSERT INTO course_slot_days VALUES(164,21,'2026-10-22',1,1);
INSERT INTO course_slot_days VALUES(165,21,'2026-10-27',1,1);
INSERT INTO course_slot_days VALUES(166,21,'2026-10-29',1,1);
INSERT INTO course_slot_days VALUES(167,21,'2026-11-02',1,1);
INSERT INTO course_slot_days VALUES(168,21,'2026-11-06',1,1);
INSERT INTO course_slot_days VALUES(169,22,'2026-10-12',1,1);
INSERT INTO course_slot_days VALUES(170,22,'2026-10-15',1,1);
INSERT INTO course_slot_days VALUES(171,22,'2026-10-20',1,1);
INSERT INTO course_slot_days VALUES(172,22,'2026-10-22',1,1);
INSERT INTO course_slot_days VALUES(173,22,'2026-10-27',1,1);
INSERT INTO course_slot_days VALUES(174,22,'2026-10-29',1,1);
INSERT INTO course_slot_days VALUES(175,22,'2026-11-02',1,1);
INSERT INTO course_slot_days VALUES(176,22,'2026-11-06',1,1);
INSERT INTO course_slot_days VALUES(177,23,'2026-11-09',1,1);
INSERT INTO course_slot_days VALUES(178,23,'2026-11-12',1,1);
INSERT INTO course_slot_days VALUES(179,23,'2026-11-17',1,1);
INSERT INTO course_slot_days VALUES(180,23,'2026-11-19',1,1);
INSERT INTO course_slot_days VALUES(181,23,'2026-11-24',1,1);
INSERT INTO course_slot_days VALUES(182,23,'2026-11-26',1,1);
INSERT INTO course_slot_days VALUES(183,23,'2026-11-30',1,1);
INSERT INTO course_slot_days VALUES(184,23,'2026-12-04',1,1);
INSERT INTO course_slot_days VALUES(185,24,'2026-12-07',1,1);
INSERT INTO course_slot_days VALUES(186,24,'2026-12-10',1,1);
INSERT INTO course_slot_days VALUES(187,24,'2026-12-15',1,1);
INSERT INTO course_slot_days VALUES(188,24,'2026-12-17',1,1);
INSERT INTO course_slot_days VALUES(189,24,'2026-12-22',1,1);
INSERT INTO course_slot_days VALUES(190,24,'2026-12-24',1,1);
INSERT INTO course_slot_days VALUES(191,24,'2026-12-28',1,1);
INSERT INTO course_slot_days VALUES(192,24,'2027-01-01',1,1);
INSERT INTO course_slot_days VALUES(193,25,'2027-01-25',1,1);
INSERT INTO course_slot_days VALUES(194,25,'2027-01-28',1,1);
INSERT INTO course_slot_days VALUES(195,25,'2027-02-02',1,1);
INSERT INTO course_slot_days VALUES(196,25,'2027-02-04',1,1);
INSERT INTO course_slot_days VALUES(197,25,'2027-02-09',1,1);
INSERT INTO course_slot_days VALUES(198,25,'2027-02-11',1,1);
INSERT INTO course_slot_days VALUES(199,25,'2027-02-15',1,1);
INSERT INTO course_slot_days VALUES(200,25,'2027-02-19',1,1);
INSERT INTO course_slot_days VALUES(201,26,'2027-01-25',1,1);
INSERT INTO course_slot_days VALUES(202,26,'2027-01-28',1,1);
INSERT INTO course_slot_days VALUES(203,26,'2027-02-02',1,1);
INSERT INTO course_slot_days VALUES(204,26,'2027-02-04',1,1);
INSERT INTO course_slot_days VALUES(205,26,'2027-02-09',1,1);
INSERT INTO course_slot_days VALUES(206,26,'2027-02-11',1,1);
INSERT INTO course_slot_days VALUES(207,26,'2027-02-15',1,1);
INSERT INTO course_slot_days VALUES(208,26,'2027-02-19',1,1);
INSERT INTO course_slot_days VALUES(209,27,'2027-02-22',1,1);
INSERT INTO course_slot_days VALUES(210,27,'2027-02-25',1,1);
INSERT INTO course_slot_days VALUES(211,27,'2027-03-02',1,1);
INSERT INTO course_slot_days VALUES(212,27,'2027-03-04',1,1);
INSERT INTO course_slot_days VALUES(213,27,'2027-03-09',1,1);
INSERT INTO course_slot_days VALUES(214,27,'2027-03-11',1,1);
INSERT INTO course_slot_days VALUES(215,27,'2027-03-15',1,1);
INSERT INTO course_slot_days VALUES(216,27,'2027-03-19',1,1);
INSERT INTO course_slot_days VALUES(217,28,'2027-03-22',1,1);
INSERT INTO course_slot_days VALUES(218,28,'2027-03-25',1,1);
INSERT INTO course_slot_days VALUES(219,28,'2027-03-29',1,1);
INSERT INTO course_slot_days VALUES(220,28,'2027-03-31',1,1);
INSERT INTO course_slot_days VALUES(221,28,'2027-04-05',1,1);
INSERT INTO course_slot_days VALUES(222,28,'2027-04-07',1,1);
INSERT INTO course_slot_days VALUES(223,28,'2027-04-11',1,1);
INSERT INTO course_slot_days VALUES(224,28,'2027-04-15',1,1);
INSERT INTO course_slot_days VALUES(225,29,'2027-03-22',1,1);
INSERT INTO course_slot_days VALUES(226,29,'2027-03-25',1,1);
INSERT INTO course_slot_days VALUES(227,29,'2027-03-29',1,1);
INSERT INTO course_slot_days VALUES(228,29,'2027-03-31',1,1);
INSERT INTO course_slot_days VALUES(229,29,'2027-04-05',1,1);
INSERT INTO course_slot_days VALUES(230,29,'2027-04-07',1,1);
INSERT INTO course_slot_days VALUES(231,29,'2027-04-11',1,1);
INSERT INTO course_slot_days VALUES(232,29,'2027-04-15',1,1);
INSERT INTO course_slot_days VALUES(233,30,'2027-04-19',1,1);
INSERT INTO course_slot_days VALUES(234,30,'2027-04-22',1,1);
INSERT INTO course_slot_days VALUES(235,30,'2027-04-27',1,1);
INSERT INTO course_slot_days VALUES(236,30,'2027-04-29',1,1);
INSERT INTO course_slot_days VALUES(237,30,'2027-05-04',1,1);
INSERT INTO course_slot_days VALUES(238,30,'2027-05-06',1,1);
INSERT INTO course_slot_days VALUES(239,30,'2027-05-10',1,1);
INSERT INTO course_slot_days VALUES(240,30,'2027-05-14',1,1);
INSERT INTO course_slot_days VALUES(241,31,'2027-04-19',1,1);
INSERT INTO course_slot_days VALUES(242,31,'2027-04-22',1,1);
INSERT INTO course_slot_days VALUES(243,31,'2027-04-27',1,1);
INSERT INTO course_slot_days VALUES(244,31,'2027-04-29',1,1);
INSERT INTO course_slot_days VALUES(245,31,'2027-05-04',1,1);
INSERT INTO course_slot_days VALUES(246,31,'2027-05-06',1,1);
INSERT INTO course_slot_days VALUES(247,31,'2027-05-10',1,1);
INSERT INTO course_slot_days VALUES(248,31,'2027-05-14',1,1);
INSERT INTO course_slot_days VALUES(249,32,'2027-05-17',1,1);
INSERT INTO course_slot_days VALUES(250,32,'2027-05-20',1,1);
INSERT INTO course_slot_days VALUES(251,32,'2027-05-25',1,1);
INSERT INTO course_slot_days VALUES(252,32,'2027-05-27',1,1);
INSERT INTO course_slot_days VALUES(253,32,'2027-06-01',1,1);
INSERT INTO course_slot_days VALUES(254,32,'2027-06-03',1,1);
INSERT INTO course_slot_days VALUES(255,32,'2027-06-07',1,1);
INSERT INTO course_slot_days VALUES(256,32,'2027-06-11',1,1);
CREATE TABLE course_run_slots (
    run_slot_id INTEGER PRIMARY KEY AUTOINCREMENT,
    run_id INTEGER NOT NULL,
    slot_id INTEGER NOT NULL,
    sequence INTEGER DEFAULT 1,
    UNIQUE(run_id, slot_id)
  );
INSERT INTO course_run_slots VALUES(13482,1,9,1);
INSERT INTO course_run_slots VALUES(13483,2,9,1);
INSERT INTO course_run_slots VALUES(13484,3,9,1);
INSERT INTO course_run_slots VALUES(13485,3,10,2);
INSERT INTO course_run_slots VALUES(13486,4,10,1);
INSERT INTO course_run_slots VALUES(13487,5,10,1);
INSERT INTO course_run_slots VALUES(13488,6,10,1);
INSERT INTO course_run_slots VALUES(13489,7,11,1);
INSERT INTO course_run_slots VALUES(13490,8,11,1);
INSERT INTO course_run_slots VALUES(13491,9,12,1);
INSERT INTO course_run_slots VALUES(13492,10,12,1);
INSERT INTO course_run_slots VALUES(13493,11,13,1);
INSERT INTO course_run_slots VALUES(13494,12,14,1);
INSERT INTO course_run_slots VALUES(13495,13,15,1);
INSERT INTO course_run_slots VALUES(13496,14,15,1);
INSERT INTO course_run_slots VALUES(13497,15,16,1);
INSERT INTO course_run_slots VALUES(13498,16,16,1);
INSERT INTO course_run_slots VALUES(13499,17,17,1);
INSERT INTO course_run_slots VALUES(13500,18,17,1);
INSERT INTO course_run_slots VALUES(13501,18,18,2);
INSERT INTO course_run_slots VALUES(13502,19,18,1);
INSERT INTO course_run_slots VALUES(13503,20,19,1);
INSERT INTO course_run_slots VALUES(13504,21,20,1);
INSERT INTO course_run_slots VALUES(13505,22,20,1);
INSERT INTO course_run_slots VALUES(13506,23,21,1);
INSERT INTO course_run_slots VALUES(13507,24,22,1);
INSERT INTO course_run_slots VALUES(13508,25,23,1);
INSERT INTO course_run_slots VALUES(13509,26,23,1);
INSERT INTO course_run_slots VALUES(13510,27,24,1);
INSERT INTO course_run_slots VALUES(13511,28,25,1);
INSERT INTO course_run_slots VALUES(13512,29,25,1);
INSERT INTO course_run_slots VALUES(13513,29,26,2);
INSERT INTO course_run_slots VALUES(13514,30,26,1);
INSERT INTO course_run_slots VALUES(13515,31,26,1);
INSERT INTO course_run_slots VALUES(13516,32,27,1);
CREATE TABLE IF NOT EXISTS "teacher_courses_staff" (teacher_id INTEGER NOT NULL, course_id INTEGER NOT NULL, PRIMARY KEY (teacher_id, course_id));
CREATE TABLE IF NOT EXISTS "teacher_courses" (teacher_id INTEGER NOT NULL, course_id INTEGER NOT NULL, PRIMARY KEY (teacher_id, course_id));
CREATE TABLE IF NOT EXISTS "courses" (
        course_id INTEGER PRIMARY KEY,
        name TEXT NOT NULL,
        code TEXT COLLATE NOCASE UNIQUE,
        credits INTEGER,
        created_at DATETIME DEFAULT CURRENT_TIMESTAMP
      );
INSERT INTO courses VALUES(1,'Testkurs','AI23444',7.5,'2025-12-14T16:11:42.450Z');
INSERT INTO courses VALUES(2,'asdasdasda','AI279U',15,'2025-12-14T16:11:42.450Z');
INSERT INTO sqlite_sequence VALUES('slot_days',122814);
INSERT INTO sqlite_sequence VALUES('course_run_days',416);
INSERT INTO sqlite_sequence VALUES('course_run_cohorts',6);
INSERT INTO sqlite_sequence VALUES('cohort_slot_courses',32);
INSERT INTO sqlite_sequence VALUES('course_slot_days',256);
INSERT INTO sqlite_sequence VALUES('course_run_slots',13551);
INSERT INTO sqlite_sequence VALUES('teacher_slot_unavailability',42);
INSERT INTO sqlite_sequence VALUES('teacher_day_unavailability',39);
CREATE UNIQUE INDEX idx_slots_unique_signature
       ON slots(
         COALESCE(start_date, ''),
         COALESCE(end_date, '')
       );
CREATE UNIQUE INDEX idx_teachers_unique_name
     ON teachers(LOWER(TRIM(name)));
CREATE UNIQUE INDEX idx_cohorts_unique_start_date
     ON cohorts(COALESCE(start_date, ''));
CREATE UNIQUE INDEX idx_cohort_slot_courses_unique_triple
     ON cohort_slot_courses(course_id, slot_id, COALESCE(cohort_id, -1));
CREATE UNIQUE INDEX slot_days_slot_date_unique ON slot_days(slot_id, date);
COMMIT;
