slot_day_id,slot_id,date
121953,1,2024-06-10
121954,1,2024-06-11
121955,1,2024-06-12
121956,1,2024-06-13
121957,1,2024-06-14
121958,1,2024-06-15
121959,1,2024-06-16
121960,1,2024-06-17
121961,1,2024-06-18
121962,1,2024-06-19
121963,1,2024-06-20
121964,1,2024-06-21
121965,1,2024-06-22
121966,1,2024-06-23
121967,1,2024-06-24
121968,1,2024-06-25
121969,1,2024-06-26
121970,1,2024-06-27
121971,1,2024-06-28
121972,1,2024-06-29
121973,1,2024-06-30
121974,1,2024-07-01
121975,1,2024-07-02
121976,1,2024-07-03
121977,1,2024-07-04
121978,1,2024-07-05
121979,1,2024-07-06
121980,1,2024-07-07
121981,2,2024-09-09
121982,2,2024-09-10
121983,2,2024-09-11
121984,2,2024-09-12
121985,2,2024-09-13
121986,2,2024-09-14
121987,2,2024-09-15
121988,2,2024-09-16
121989,2,2024-09-17
121990,2,2024-09-18
121991,2,2024-09-19
121992,2,2024-09-20
121993,2,2024-09-21
121994,2,2024-09-22
121995,2,2024-09-23
121996,2,2024-09-24
121997,2,2024-09-25
121998,2,2024-09-26
121999,2,2024-09-27
122000,2,2024-09-28
122001,2,2024-09-29
122002,2,2024-09-30
122003,2,2024-10-01
122004,2,2024-10-02
122005,2,2024-10-03
122006,2,2024-10-04
122007,2,2024-10-05
122008,2,2024-10-06
122009,3,2024-10-07
122010,3,2024-10-08
122011,3,2024-10-09
122012,3,2024-10-10
122013,3,2024-10-11
122014,3,2024-10-12
122015,3,2024-10-13
122016,3,2024-10-14
122017,3,2024-10-15
122018,3,2024-10-16
122019,3,2024-10-17
122020,3,2024-10-18
122021,3,2024-10-19
122022,3,2024-10-20
122023,3,2024-10-21
122024,3,2024-10-22
122025,3,2024-10-23
122026,3,2024-10-24
122027,3,2024-10-25
122028,3,2024-10-26
122029,3,2024-10-27
122030,3,2024-10-28
122031,3,2024-10-29
122032,3,2024-10-30
122033,3,2024-10-31
122034,3,2024-11-01
122035,3,2024-11-02
122036,4,2025-01-13
122037,4,2025-01-14
122038,4,2025-01-15
122039,4,2025-01-16
122040,4,2025-01-17
122041,4,2025-01-18
122042,4,2025-01-19
122043,4,2025-01-20
122044,4,2025-01-21
122045,4,2025-01-22
122046,4,2025-01-23
122047,4,2025-01-24
122048,4,2025-01-25
122049,4,2025-01-26
122050,4,2025-01-27
122051,4,2025-01-28
122052,4,2025-01-29
122053,4,2025-01-30
122054,4,2025-01-31
122055,4,2025-02-01
122056,4,2025-02-02
122057,4,2025-02-03
122058,4,2025-02-04
122059,4,2025-02-05
122060,4,2025-02-06
122061,4,2025-02-07
122062,4,2025-02-08
122063,4,2025-02-09
122064,5,2025-02-10
122065,5,2025-02-11
122066,5,2025-02-12
122067,5,2025-02-13
122068,5,2025-02-14
122069,5,2025-02-15
122070,5,2025-02-16
122071,5,2025-02-17
122072,5,2025-02-18
122073,5,2025-02-19
122074,5,2025-02-20
122075,5,2025-02-21
122076,5,2025-02-22
122077,5,2025-02-23
122078,5,2025-02-24
122079,5,2025-02-25
122080,5,2025-02-26
122081,5,2025-02-27
122082,5,2025-02-28
122083,5,2025-03-01
122084,5,2025-03-02
122085,5,2025-03-03
122086,5,2025-03-04
122087,5,2025-03-05
122088,5,2025-03-06
122089,5,2025-03-07
122090,5,2025-03-08
122091,5,2025-03-09
122092,6,2025-03-10
122093,6,2025-03-11
122094,6,2025-03-12
122095,6,2025-03-13
122096,6,2025-03-14
122097,6,2025-03-15
122098,6,2025-03-16
122099,6,2025-03-17
122100,6,2025-03-18
122101,6,2025-03-19
122102,6,2025-03-20
122103,6,2025-03-21
122104,6,2025-03-22
122105,6,2025-03-23
122106,6,2025-03-24
122107,6,2025-03-25
122108,6,2025-03-26
122109,6,2025-03-27
122110,6,2025-03-28
122111,6,2025-03-29
122112,6,2025-03-30
122114,6,2025-03-31
122115,6,2025-04-01
122116,6,2025-04-02
122117,6,2025-04-03
122118,6,2025-04-04
122119,7,2025-04-07
122120,7,2025-04-08
122121,7,2025-04-09
122122,7,2025-04-10
122123,7,2025-04-11
122124,7,2025-04-12
122125,7,2025-04-13
122126,7,2025-04-14
122127,7,2025-04-15
122128,7,2025-04-16
122129,7,2025-04-17
122130,7,2025-04-18
122131,7,2025-04-19
122132,7,2025-04-20
122133,7,2025-04-21
122134,7,2025-04-22
122135,7,2025-04-23
122136,7,2025-04-24
122137,7,2025-04-25
122138,7,2025-04-26
122139,7,2025-04-27
122140,7,2025-04-28
122141,7,2025-04-29
122142,7,2025-04-30
122143,7,2025-05-01
122144,7,2025-05-02
122145,7,2025-05-03
122146,7,2025-05-04
122147,8,2025-05-05
122148,8,2025-05-06
122149,8,2025-05-07
122150,8,2025-05-08
122151,8,2025-05-09
122152,8,2025-05-10
122153,8,2025-05-11
122154,8,2025-05-12
122155,8,2025-05-13
122156,8,2025-05-14
122157,8,2025-05-15
122158,8,2025-05-16
122159,8,2025-05-17
122160,8,2025-05-18
122161,8,2025-05-19
122162,8,2025-05-20
122163,8,2025-05-21
122164,8,2025-05-22
122165,8,2025-05-23
122166,8,2025-05-24
122167,8,2025-05-25
122168,8,2025-05-26
122169,8,2025-05-27
122170,8,2025-05-28
122171,8,2025-05-29
122172,8,2025-05-30
122173,8,2025-05-31
122174,8,2025-06-01
122175,9,2025-06-02
122176,9,2025-06-03
122177,9,2025-06-04
122178,9,2025-06-05
122179,9,2025-06-06
122180,9,2025-06-07
122181,9,2025-06-08
122182,9,2025-06-09
122183,9,2025-06-10
122184,9,2025-06-11
122185,9,2025-06-12
122186,9,2025-06-13
122187,9,2025-06-14
122188,9,2025-06-15
122189,9,2025-06-16
122190,9,2025-06-17
122191,9,2025-06-18
122192,9,2025-06-19
122193,9,2025-06-20
122194,9,2025-06-21
122195,9,2025-06-22
122196,9,2025-06-23
122197,9,2025-06-24
122198,9,2025-06-25
122199,9,2025-06-26
122200,9,2025-06-27
122201,9,2025-06-28
122202,9,2025-06-29
122203,10,2025-08-18
122204,10,2025-08-19
122205,10,2025-08-20
122206,10,2025-08-21
122207,10,2025-08-22
122208,10,2025-08-23
122209,10,2025-08-24
122210,10,2025-08-25
122211,10,2025-08-26
122212,10,2025-08-27
122213,10,2025-08-28
122214,10,2025-08-29
122215,10,2025-08-30
122216,10,2025-08-31
122217,10,2025-09-01
122218,10,2025-09-02
122219,10,2025-09-03
122220,10,2025-09-04
122221,10,2025-09-05
122222,10,2025-09-06
122223,10,2025-09-07
122224,10,2025-09-08
122225,10,2025-09-09
122226,10,2025-09-10
122227,10,2025-09-11
122228,10,2025-09-12
122229,10,2025-09-13
122230,10,2025-09-14
122231,31,2025-09-15
122232,31,2025-09-16
122233,31,2025-09-17
122234,31,2025-09-18
122235,31,2025-09-19
122236,31,2025-09-20
122237,31,2025-09-21
122238,31,2025-09-22
122239,31,2025-09-23
122240,31,2025-09-24
122241,31,2025-09-25
122242,31,2025-09-26
122243,31,2025-09-27
122244,31,2025-09-28
122245,31,2025-09-29
122246,31,2025-09-30
122247,31,2025-10-01
122248,31,2025-10-02
122249,31,2025-10-03
122250,31,2025-10-04
122251,31,2025-10-05
122252,31,2025-10-06
122253,31,2025-10-07
122254,31,2025-10-08
122255,31,2025-10-09
122256,31,2025-10-10
122257,31,2025-10-11
122258,31,2025-10-12
122259,11,2025-10-13
122260,11,2025-10-14
122261,11,2025-10-15
122262,11,2025-10-16
122263,11,2025-10-17
122264,11,2025-10-18
122265,11,2025-10-19
122266,11,2025-10-20
122267,11,2025-10-21
122268,11,2025-10-22
122269,11,2025-10-23
122270,11,2025-10-24
122271,11,2025-10-25
122272,11,2025-10-26
122273,11,2025-10-27
122274,11,2025-10-28
122275,11,2025-10-29
122276,11,2025-10-30
122277,11,2025-10-31
122278,11,2025-11-01
122279,11,2025-11-02
122280,11,2025-11-03
122281,11,2025-11-04
122282,11,2025-11-05
122283,11,2025-11-06
122284,11,2025-11-07
122285,11,2025-11-08
122286,12,2025-11-10
122287,12,2025-11-11
122288,12,2025-11-12
122289,12,2025-11-13
122290,12,2025-11-14
122291,12,2025-11-15
122292,12,2025-11-16
122293,12,2025-11-17
122294,12,2025-11-18
122295,12,2025-11-19
122296,12,2025-11-20
122297,12,2025-11-21
122298,12,2025-11-22
122299,12,2025-11-23
122300,12,2025-11-24
122301,12,2025-11-25
122302,12,2025-11-26
122303,12,2025-11-27
122304,12,2025-11-28
122305,12,2025-11-29
122306,12,2025-11-30
122307,12,2025-12-01
122308,12,2025-12-02
122309,12,2025-12-03
122310,12,2025-12-04
122311,12,2025-12-05
122312,12,2025-12-06
122313,12,2025-12-07
122314,13,2026-02-16
122315,13,2026-02-17
122316,13,2026-02-18
122317,13,2026-02-19
122318,13,2026-02-20
122319,13,2026-02-21
122320,13,2026-02-22
122321,13,2026-02-23
122322,13,2026-02-24
122323,13,2026-02-25
122324,13,2026-02-26
122325,13,2026-02-27
122326,13,2026-02-28
122327,13,2026-03-01
122328,13,2026-03-02
122329,13,2026-03-03
122330,13,2026-03-04
122331,13,2026-03-05
122332,13,2026-03-06
122333,13,2026-03-07
122334,13,2026-03-08
122335,13,2026-03-09
122336,13,2026-03-10
122337,13,2026-03-11
122338,13,2026-03-12
122339,13,2026-03-13
122340,13,2026-03-14
122341,13,2026-03-15
122342,14,2026-03-16
122343,14,2026-03-17
122344,14,2026-03-18
122345,14,2026-03-19
122346,14,2026-03-20
122347,14,2026-03-21
122348,14,2026-03-22
122349,14,2026-03-23
122350,14,2026-03-24
122351,14,2026-03-25
122352,14,2026-03-26
122353,14,2026-03-27
122354,14,2026-03-28
122355,14,2026-03-29
122357,14,2026-03-30
122358,14,2026-03-31
122359,14,2026-04-01
122360,14,2026-04-02
122361,14,2026-04-03
122362,14,2026-04-04
122363,14,2026-04-05
122364,14,2026-04-06
122365,14,2026-04-07
122366,14,2026-04-08
122367,14,2026-04-09
122368,14,2026-04-10
122369,15,2026-04-13
122370,15,2026-04-14
122371,15,2026-04-15
122372,15,2026-04-16
122373,15,2026-04-17
122374,15,2026-04-18
122375,15,2026-04-19
122376,15,2026-04-20
122377,15,2026-04-21
122378,15,2026-04-22
122379,15,2026-04-23
122380,15,2026-04-24
122381,15,2026-04-25
122382,15,2026-04-26
122383,15,2026-04-27
122384,15,2026-04-28
122385,15,2026-04-29
122386,15,2026-04-30
122387,15,2026-05-01
122388,15,2026-05-02
122389,15,2026-05-03
122390,15,2026-05-04
122391,15,2026-05-05
122392,15,2026-05-06
122393,15,2026-05-07
122394,15,2026-05-08
122395,15,2026-05-09
122396,15,2026-05-10
122397,16,2026-05-11
122398,16,2026-05-12
122399,16,2026-05-13
122400,16,2026-05-14
122401,16,2026-05-15
122402,16,2026-05-16
122403,16,2026-05-17
122404,16,2026-05-18
122405,16,2026-05-19
122406,16,2026-05-20
122407,16,2026-05-21
122408,16,2026-05-22
122409,16,2026-05-23
122410,16,2026-05-24
122411,16,2026-05-25
122412,16,2026-05-26
122413,16,2026-05-27
122414,16,2026-05-28
122415,16,2026-05-29
122416,16,2026-05-30
122417,16,2026-05-31
122418,16,2026-06-01
122419,16,2026-06-02
122420,16,2026-06-03
122421,16,2026-06-04
122422,16,2026-06-05
122423,16,2026-06-06
122424,16,2026-06-07
122425,17,2026-06-08
122426,17,2026-06-09
122427,17,2026-06-10
122428,17,2026-06-11
122429,17,2026-06-12
122430,17,2026-06-13
122431,17,2026-06-14
122432,17,2026-06-15
122433,17,2026-06-16
122434,17,2026-06-17
122435,17,2026-06-18
122436,17,2026-06-19
122437,17,2026-06-20
122438,17,2026-06-21
122439,17,2026-06-22
122440,17,2026-06-23
122441,17,2026-06-24
122442,17,2026-06-25
122443,17,2026-06-26
122444,17,2026-06-27
122445,17,2026-06-28
122446,17,2026-06-29
122447,17,2026-06-30
122448,17,2026-07-01
122449,17,2026-07-02
122450,17,2026-07-03
122451,17,2026-07-04
122452,17,2026-07-05
122453,18,2026-08-17
122454,18,2026-08-18
122455,18,2026-08-19
122456,18,2026-08-20
122457,18,2026-08-21
122458,18,2026-08-22
122459,18,2026-08-23
122460,18,2026-08-24
122461,18,2026-08-25
122462,18,2026-08-26
122463,18,2026-08-27
122464,18,2026-08-28
122465,18,2026-08-29
122466,18,2026-08-30
122467,18,2026-08-31
122468,18,2026-09-01
122469,18,2026-09-02
122470,18,2026-09-03
122471,18,2026-09-04
122472,18,2026-09-05
122473,18,2026-09-06
122474,18,2026-09-07
122475,18,2026-09-08
122476,18,2026-09-09
122477,18,2026-09-10
122478,18,2026-09-11
122479,18,2026-09-12
122480,18,2026-09-13
122481,19,2026-09-14
122482,19,2026-09-15
122483,19,2026-09-16
122484,19,2026-09-17
122485,19,2026-09-18
122486,19,2026-09-19
122487,19,2026-09-20
122488,19,2026-09-21
122489,19,2026-09-22
122490,19,2026-09-23
122491,19,2026-09-24
122492,19,2026-09-25
122493,19,2026-09-26
122494,19,2026-09-27
122495,19,2026-09-28
122496,19,2026-09-29
122497,19,2026-09-30
122498,19,2026-10-01
122499,19,2026-10-02
122500,19,2026-10-03
122501,19,2026-10-04
122502,19,2026-10-05
122503,19,2026-10-06
122504,19,2026-10-07
122505,19,2026-10-08
122506,19,2026-10-09
122507,19,2026-10-10
122508,19,2026-10-11
122509,20,2026-10-12
122510,20,2026-10-13
122511,20,2026-10-14
122512,20,2026-10-15
122513,20,2026-10-16
122514,20,2026-10-17
122515,20,2026-10-18
122516,20,2026-10-19
122517,20,2026-10-20
122518,20,2026-10-21
122519,20,2026-10-22
122520,20,2026-10-23
122521,20,2026-10-24
122522,20,2026-10-25
122523,20,2026-10-26
122524,20,2026-10-27
122525,20,2026-10-28
122526,20,2026-10-29
122527,20,2026-10-30
122528,20,2026-10-31
122529,20,2026-11-01
122530,20,2026-11-02
122531,20,2026-11-03
122532,20,2026-11-04
122533,20,2026-11-05
122534,20,2026-11-06
122535,20,2026-11-07
122536,21,2026-11-09
122537,21,2026-11-10
122538,21,2026-11-11
122539,21,2026-11-12
122540,21,2026-11-13
122541,21,2026-11-14
122542,21,2026-11-15
122543,21,2026-11-16
122544,21,2026-11-17
122545,21,2026-11-18
122546,21,2026-11-19
122547,21,2026-11-20
122548,21,2026-11-21
122549,21,2026-11-22
122550,21,2026-11-23
122551,21,2026-11-24
122552,21,2026-11-25
122553,21,2026-11-26
122554,21,2026-11-27
122555,21,2026-11-28
122556,21,2026-11-29
122557,21,2026-11-30
122558,21,2026-12-01
122559,21,2026-12-02
122560,21,2026-12-03
122561,21,2026-12-04
122562,21,2026-12-05
122563,21,2026-12-06
122564,22,2026-12-07
122565,22,2026-12-08
122566,22,2026-12-09
122567,22,2026-12-10
122568,22,2026-12-11
122569,22,2026-12-12
122570,22,2026-12-13
122571,22,2026-12-14
122572,22,2026-12-15
122573,22,2026-12-16
122574,22,2026-12-17
122575,22,2026-12-18
122576,22,2026-12-19
122577,22,2026-12-20
122578,22,2026-12-21
122579,22,2026-12-22
122580,22,2026-12-23
122581,22,2026-12-24
122582,22,2026-12-25
122583,22,2026-12-26
122584,22,2026-12-27
122585,22,2026-12-28
122586,22,2026-12-29
122587,22,2026-12-30
122588,22,2026-12-31
122589,22,2027-01-01
122590,22,2027-01-02
122591,22,2027-01-03
122592,23,2027-01-25
122593,23,2027-01-26
122594,23,2027-01-27
122595,23,2027-01-28
122596,23,2027-01-29
122597,23,2027-01-30
122598,23,2027-01-31
122599,23,2027-02-01
122600,23,2027-02-02
122601,23,2027-02-03
122602,23,2027-02-04
122603,23,2027-02-05
122604,23,2027-02-06
122605,23,2027-02-07
122606,23,2027-02-08
122607,23,2027-02-09
122608,23,2027-02-10
122609,23,2027-02-11
122610,23,2027-02-12
122611,23,2027-02-13
122612,23,2027-02-14
122613,23,2027-02-15
122614,23,2027-02-16
122615,23,2027-02-17
122616,23,2027-02-18
122617,23,2027-02-19
122618,23,2027-02-20
122619,23,2027-02-21
122620,24,2027-02-22
122621,24,2027-02-23
122622,24,2027-02-24
122623,24,2027-02-25
122624,24,2027-02-26
122625,24,2027-02-27
122626,24,2027-02-28
122627,24,2027-03-01
122628,24,2027-03-02
122629,24,2027-03-03
122630,24,2027-03-04
122631,24,2027-03-05
122632,24,2027-03-06
122633,24,2027-03-07
122634,24,2027-03-08
122635,24,2027-03-09
122636,24,2027-03-10
122637,24,2027-03-11
122638,24,2027-03-12
122639,24,2027-03-13
122640,24,2027-03-14
122641,24,2027-03-15
122642,24,2027-03-16
122643,24,2027-03-17
122644,24,2027-03-18
122645,24,2027-03-19
122646,24,2027-03-20
122647,24,2027-03-21
122648,25,2027-03-22
122649,25,2027-03-23
122650,25,2027-03-24
122651,25,2027-03-25
122652,25,2027-03-26
122653,25,2027-03-27
122654,25,2027-03-28
122656,25,2027-03-29
122657,25,2027-03-30
122658,25,2027-03-31
122659,25,2027-04-01
122660,25,2027-04-02
122661,25,2027-04-03
122662,25,2027-04-04
122663,25,2027-04-05
122664,25,2027-04-06
122665,25,2027-04-07
122666,25,2027-04-08
122667,25,2027-04-09
122668,25,2027-04-10
122669,25,2027-04-11
122670,25,2027-04-12
122671,25,2027-04-13
122672,25,2027-04-14
122673,25,2027-04-15
122674,25,2027-04-16
122675,26,2027-04-19
122676,26,2027-04-20
122677,26,2027-04-21
122678,26,2027-04-22
122679,26,2027-04-23
122680,26,2027-04-24
122681,26,2027-04-25
122682,26,2027-04-26
122683,26,2027-04-27
122684,26,2027-04-28
122685,26,2027-04-29
122686,26,2027-04-30
122687,26,2027-05-01
122688,26,2027-05-02
122689,26,2027-05-03
122690,26,2027-05-04
122691,26,2027-05-05
122692,26,2027-05-06
122693,26,2027-05-07
122694,26,2027-05-08
122695,26,2027-05-09
122696,26,2027-05-10
122697,26,2027-05-11
122698,26,2027-05-12
122699,26,2027-05-13
122700,26,2027-05-14
122701,26,2027-05-15
122702,26,2027-05-16
122703,27,2027-05-17
122704,27,2027-05-18
122705,27,2027-05-19
122706,27,2027-05-20
122707,27,2027-05-21
122708,27,2027-05-22
122709,27,2027-05-23
122710,27,2027-05-24
122711,27,2027-05-25
122712,27,2027-05-26
122713,27,2027-05-27
122714,27,2027-05-28
122715,27,2027-05-29
122716,27,2027-05-30
122717,27,2027-05-31
122718,27,2027-06-01
122719,27,2027-06-02
122720,27,2027-06-03
122721,27,2027-06-04
122722,27,2027-06-05
122723,27,2027-06-06
122724,27,2027-06-07
122725,27,2027-06-08
122726,27,2027-06-09
122727,27,2027-06-10
122728,27,2027-06-11
122729,27,2027-06-12
122730,27,2027-06-13
122731,28,2027-06-14
122732,28,2027-06-15
122733,28,2027-06-16
122734,28,2027-06-17
122735,28,2027-06-18
122736,28,2027-06-19
122737,28,2027-06-20
122738,28,2027-06-21
122739,28,2027-06-22
122740,28,2027-06-23
122741,28,2027-06-24
122742,28,2027-06-25
122743,28,2027-06-26
122744,28,2027-06-27
122745,28,2027-06-28
122746,28,2027-06-29
122747,28,2027-06-30
122748,28,2027-07-01
122749,28,2027-07-02
122750,28,2027-07-03
122751,28,2027-07-04
122752,28,2027-07-05
122753,28,2027-07-06
122754,28,2027-07-07
122755,28,2027-07-08
122756,28,2027-07-09
122757,28,2027-07-10
122758,28,2027-07-11
122759,29,2027-08-09
122760,29,2027-08-10
122761,29,2027-08-11
122762,29,2027-08-12
122763,29,2027-08-13
122764,29,2027-08-14
122765,29,2027-08-15
122766,29,2027-08-16
122767,29,2027-08-17
122768,29,2027-08-18
122769,29,2027-08-19
122770,29,2027-08-20
122771,29,2027-08-21
122772,29,2027-08-22
122773,29,2027-08-23
122774,29,2027-08-24
122775,29,2027-08-25
122776,29,2027-08-26
122777,29,2027-08-27
122778,29,2027-08-28
122779,29,2027-08-29
122780,29,2027-08-30
122781,29,2027-08-31
122782,29,2027-09-01
122783,29,2027-09-02
122784,29,2027-09-03
122785,29,2027-09-04
122786,29,2027-09-05
122787,30,2027-09-06
122788,30,2027-09-07
122789,30,2027-09-08
122790,30,2027-09-09
122791,30,2027-09-10
122792,30,2027-09-11
122793,30,2027-09-12
122794,30,2027-09-13
122795,30,2027-09-14
122796,30,2027-09-15
122797,30,2027-09-16
122798,30,2027-09-17
122799,30,2027-09-18
122800,30,2027-09-19
122801,30,2027-09-20
122802,30,2027-09-21
122803,30,2027-09-22
122804,30,2027-09-23
122805,30,2027-09-24
122806,30,2027-09-25
122807,30,2027-09-26
122808,30,2027-09-27
122809,30,2027-09-28
122810,30,2027-09-29
122811,30,2027-09-30
122812,30,2027-10-01
122813,30,2027-10-02
122814,30,2027-10-03
